id,t01,t02,t03,t04,t05,t06,t07,t08,t09,t10,t11,t12,t13,t14,t15,t16
9442461,14,1,15,0,15,0,15,0,15,0,15,0,14,1,15,0
9442712,15,0,15,0,15,0,14,1,14,1,15,0,14,1,15,0
9442717,14,1,15,0,15,0,15,0,15,0,14,1,10,5,9,6
9442894,15,0,15,0,15,0,15,0,15,0,15,0,14,1,15,0
9442933,15,0,15,0,14,1,14,1,15,0,15,0,13,2,15,0
9444182,15,0,15,0,15,0,15,0,15,0,15,0,15,0,15,0
9444356,10,5,14,1,14,1,12,3,15,0,15,0,15,0,14,1
9444493,13,2,15,0,15,0,15,0,14,1,15,0,14,1,14,1
9445217,14,1,15,0,15,0,13,2,15,0,15,0,14,1,11,4
9445626,14,1,13,2,14,1,14,1,14,1,15,0,15,0,15,0
9445650,15,0,15,0,15,0,15,0,15,0,15,0,15,0,15,0
9445925,15,0,15,0,15,0,14,1,15,0,15,0,15,0,15,0
9446190,15,0,15,0,15,0,15,0,13,2,14,1,12,3,15,0
9446424,15,0,13,2,14,1,15,0,13,2,15,0,13,2,15,0
9446800,15,0,14,1,14,1,14,1,13,2,13,2,15,0,14,1
9447069,15,0,15,0,15,0,15,0,15,0,15,0,15,0,14,1
9447086,13,2,14,1,13,2,13,2,14,1,15,0,14,1,12,3
9447336,15,0,15,0,15,0,15,0,12,3,15,0,14,1,15,0
9447575,15,0,15,0,15,0,15,0,14,1,15,0,15,0,15,0
9447579,15,0,15,0,14,1,14,1,15,0,14,1,15,0,14,1
9447580,15,0,15,0,15,0,15,0,13,2,14,1,15,0,15,0
9447718,15,0,14,1,13,2,14,1,15,0,13,2,14,1,13,2
9448043,15,0,14,1,12,3,14,1,15,0,15,0,14,1,14,1
9448784,14,1,12,3,14,1,15,0,12,3,14,1,15,0,15,0
9448897,14,1,14,1,14,1,13,2,13,2,14,1,14,1,14,1
9448997,15,0,15,0,15,0,15,0,14,1,15,0,15,0,14,1
9449227,15,0,15,0,15,0,15,0,15,0,15,0,15,0,15,0
9449237,14,1,15,0,15,0,15,0,15,0,12,3,15,0,14,1
9449285,14,1,14,1,15,0,15,0,14,1,15,0,15,0,14,1
9449327,14,1,12,3,14,1,15,0,15,0,15,0,15,0,15,0
9449491,15,0,15,0,15,0,14,1,15,0,15,0,13,2,14,1
9449684,15,0,15,0,15,0,14,1,15,0,13,2,15,0,15,0
9449687,15,0,13,2,15,0,15,0,14,1,14,1,12,3,12,3
9449925,15,0,15,0,14,1,14,1,14,1,11,4,15,0,14,1
9450050,15,0,15,0,15,0,15,0,15,0,15,0,15,0,15,0
9450122,14,1,14,1,14,1,15,0,14,1,15,0,14,1,15,0
9450339,14,1,12,3,14,1,14,1,15,0,15,0,13,2,12,3
9450376,14,1,15,0,15,0,15,0,12,3,15,0,15,0,14,1
9450419,13,2,10,5,10,5,8,7,13,2,14,1,14,1,14,1
9450626,15,0,15,0,15,0,15,0,15,0,12,3,15,0,15,0
9450812,14,1,15,0,14,1,15,0,15,0,15,0,14,1,14,1
9450929,14,1,13,2,15,0,15,0,8,7,11,4,13,2,10,5
9451154,14,1,14,1,14,1,15,0,13,2,13,2,13,2,13,2
9451393,15,0,13,2,15,0,14,1,15,0,15,0,15,0,15,0
9451552,14,1,13,2,12,3,12,3,11,4,9,6,13,2,13,2
9451588,15,0,15,0,14,1,13,2,15,0,14,1,15,0,14,1
9451802,15,0,15,0,13,2,15,0,14,1,14,1,15,0,14,1
9452276,13,2,13,2,15,0,15,0,11,4,12,3,14,1,14,1
9452738,14,1,15,0,15,0,15,0,15,0,15,0,15,0,14,1
9452776,14,1,13,2,14,1,14,1,15,0,15,0,12,3,12,3
9452888,15,0,15,0,14,1,14,1,15,0,15,0,15,0,14,1
9453079,15,0,15,0,15,0,14,1,15,0,15,0,15,0,15,0
9453155,14,1,14,1,15,0,15,0,14,1,15,0,15,0,15,0
9453557,14,1,15,0,14,1,14,1,15,0,15,0,14,1,15,0
9453613,14,1,15,0,15,0,15,0,15,0,14,1,15,0,15,0
9453636,13,2,12,3,11,4,10,5,15,0,15,0,15,0,14,1
9453651,15,0,15,0,15,0,15,0,15,0,14,1,15,0,15,0
9453701,15,0,15,0,15,0,15,0,15,0,15,0,14,1,15,0
9455136,10,5,12,3,13,2,15,0,15,0,13,2,15,0,13,2
9455497,15,0,15,0,15,0,15,0,15,0,15,0,15,0,15,0
9455809,15,0,15,0,13,2,15,0,15,0,13,2,14,1,15,0
9456323,15,0,14,1,15,0,15,0,15,0,15,0,15,0,15,0
9457000,13,2,6,9,10,5,12,3,13,2,14,1,10,5,12,3
9457154,12,3,15,0,15,0,14,1,15,0,14,1,14,1,14,1
9457242,15,0,15,0,15,0,15,0,15,0,14,1,15,0,15,0
9457308,14,1,10,5,14,1,15,0,12,3,15,0,13,2,15,0
9457536,15,0,15,0,15,0,15,0,14,1,15,0,15,0,15,0
9457574,14,1,14,1,15,0,15,0,15,0,14,1,15,0,15,0
9458648,13,2,15,0,15,0,15,0,13,2,14,1,15,0,14,1
9459111,12,3,15,0,15,0,14,1,15,0,15,0,15,0,15,0
9459463,12,3,14,1,15,0,15,0,14,1,15,0,15,0,15,0
9459686,15,0,15,0,14,1,14,1,9,6,8,7,9,6,14,1
9459707,15,0,15,0,15,0,14,1,9,6,13,2,15,0,15,0
9460265,15,0,15,0,15,0,15,0,15,0,15,0,14,1,13,2
9460451,10,5,14,1,15,0,14,1,14,1,11,4,13,2,14,1
9461597,15,0,15,0,15,0,15,0,15,0,15,0,15,0,13,2
9462849,14,1,15,0,15,0,15,0,15,0,15,0,15,0,14,1
9463202,15,0,15,0,15,0,14,1,14,1,14,1,15,0,14,1
9463328,15,0,14,1,14,1,13,2,15,0,15,0,15,0,15,0
9463530,15,0,15,0,15,0,15,0,14,1,13,2,14,1,15,0
9463548,15,0,15,0,14,1,15,0,14,1,15,0,15,0,15,0
9463972,14,1,14,1,15,0,15,0,14,1,15,0,15,0,11,4
9464358,15,0,15,0,15,0,15,0,15,0,15,0,15,0,15,0
9464519,14,1,14,1,15,0,14,1,15,0,13,2,14,1,12,3
9464576,13,2,15,0,15,0,15,0,13,2,13,2,15,0,14,1
9465589,15,0,15,0,15,0,15,0,15,0,15,0,15,0,15,0
9466217,15,0,14,1,11,4,14,1,12,3,12,3,13,2,13,2
9466292,15,0,14,1,15,0,14,1,14,1,11,4,15,0,15,0
9466428,13,2,14,1,14,1,15,0,15,0,15,0,13,2,14,1
9466488,15,0,13,2,15,0,15,0,14,1,15,0,15,0,14,1
9466645,13,2,14,1,15,0,15,0,15,0,14,1,14,1,15,0
9466647,13,2,15,0,14,1,14,1,14,1,15,0,13,2,15,0
9466661,13,2,13,2,15,0,13,2,15,0,13,2,14,1,12,3
9467043,13,2,15,0,15,0,15,0,15,0,15,0,15,0,15,0
9467449,15,0,14,1,15,0,14,1,14,1,15,0,15,0,15,0
9467694,14,1,11,4,14,1,14,1,14,1,13,2,14,1,15,0
9468014,15,0,15,0,15,0,15,0,14,1,15,0,15,0,15,0
9468037,15,0,15,0,15,0,15,0,14,1,15,0,15,0,15,0
9468402,15,0,15,0,15,0,15,0,15,0,14,1,15,0,14,1
9468785,12,3,14,1,14,1,14,1,12,3,12,3,14,1,12,3
9468965,15,0,13,2,14,1,15,0,15,0,15,0,14,1,14,1
9470133,14,1,15,0,15,0,15,0,13,2,15,0,15,0,15,0
9470139,14,1,15,0,15,0,15,0,15,0,13,2,15,0,13,2
9472298,14,1,15,0,15,0,15,0,15,0,15,0,14,1,15,0
9472480,15,0,12,3,14,1,15,0,14,1,14,1,13,2,13,2
9472494,15,0,15,0,15,0,15,0,13,2,13,2,15,0,15,0
9473258,15,0,15,0,14,1,15,0,14,1,15,0,15,0,15,0
9474034,15,0,14,1,15,0,15,0,14,1,15,0,15,0,14,1
9474239,13,2,11,4,13,2,12,3,15,0,13,2,12,3,15,0
9474564,15,0,15,0,15,0,15,0,15,0,15,0,15,0,15,0
9474580,12,3,11,4,11,4,11,4,13,2,11,4,15,0,14,1
9474610,13,2,13,2,15,0,14,1,15,0,12,3,14,1,15,0
9475179,15,0,15,0,15,0,15,0,15,0,15,0,15,0,14,1
9475251,15,0,15,0,15,0,15,0,15,0,15,0,15,0,15,0
9475278,15,0,15,0,15,0,15,0,13,2,15,0,15,0,15,0
9476103,15,0,13,2,14,1,13,2,11,4,14,1,14,1,13,2
9476245,15,0,13,2,14,1,15,0,15,0,14,1,14,1,14,1
9476488,14,1,13,2,15,0,15,0,15,0,15,0,15,0,15,0
9476569,15,0,13,2,15,0,15,0,15,0,15,0,15,0,15,0
9476607,11,4,12,3,15,0,15,0,15,0,15,0,15,0,14,1
9476956,14,1,15,0,15,0,15,0,14,1,14,1,15,0,15,0
9477564,12,3,12,3,12,3,14,1,15,0,15,0,13,2,15,0
9478317,15,0,15,0,15,0,15,0,15,0,14,1,14,1,15,0
9478789,15,0,15,0,15,0,14,1,12,3,15,0,15,0,14,1
9479238,14,1,15,0,14,1,15,0,15,0,15,0,15,0,15,0
9479243,13,2,11,4,13,2,13,2,15,0,14,1,8,7,11,4
9479487,13,2,13,2,14,1,14,1,12,3,13,2,13,2,14,1
9479883,15,0,15,0,15,0,14,1,15,0,15,0,15,0,15,0
9480455,15,0,14,1,15,0,14,1,15,0,15,0,15,0,15,0
9480656,15,0,15,0,14,1,14,1,14,1,14,1,11,4,13,2
9481300,14,1,15,0,15,0,15,0,15,0,15,0,14,1,15,0
9483353,15,0,15,0,14,1,15,0,14,1,15,0,15,0,14,1
9483834,9,6,15,0,11,4,9,6,13,2,13,2,13,2,14,1
9484606,14,1,14,1,12,3,13,2,14,1,15,0,15,0,15,0
9484753,13,2,14,1,15,0,15,0,15,0,15,0,15,0,13,2
9485031,15,0,13,2,15,0,15,0,13,2,14,1,14,1,11,4
9485666,12,3,15,0,15,0,14,1,14,1,14,1,14,1,13,2
9485815,14,1,15,0,13,2,15,0,15,0,14,1,14,1,14,1
9486048,12,3,12,3,15,0,14,1,12,3,14,1,15,0,15,0
9486434,14,1,14,1,15,0,13,2,14,1,15,0,12,3,15,0
9486498,15,0,14,1,15,0,15,0,14,1,15,0,13,2,15,0
9486557,15,0,15,0,15,0,15,0,15,0,15,0,15,0,15,0
9486590,15,0,14,1,14,1,14,1,14,1,14,1,14,1,14,1
9486788,15,0,13,2,15,0,15,0,14,1,14,1,15,0,13,2
9487205,14,1,15,0,15,0,15,0,15,0,15,0,15,0,13,2
9487651,15,0,15,0,15,0,15,0,15,0,15,0,14,1,15,0
9487998,15,0,14,1,14,1,15,0,15,0,14,1,15,0,14,1
9488007,14,1,14,1,15,0,15,0,13,2,15,0,15,0,15,0
9488605,14,1,14,1,15,0,15,0,14,1,15,0,14,1,14,1
9489621,12,3,15,0,14,1,13,2,15,0,15,0,15,0,14,1
9489905,15,0,15,0,15,0,15,0,15,0,15,0,15,0,15,0
9490013,13,2,11,4,12,3,11,4,13,2,9,6,11,4,9,6
9490421,15,0,15,0,15,0,15,0,15,0,15,0,15,0,15,0
9490853,14,1,12,3,11,4,15,0,10,5,14,1,14,1,14,1
9491886,15,0,14,1,14,1,15,0,15,0,15,0,15,0,14,1
9492361,12,3,14,1,14,1,14,1,12,3,13,2,13,2,13,2
9492509,15,0,15,0,15,0,15,0,14,1,15,0,15,0,15,0
9493348,12,3,15,0,13,2,15,0,14,1,13,2,13,2,13,2
9494192,15,0,15,0,15,0,15,0,15,0,15,0,14,1,15,0
9494538,15,0,13,2,14,1,14,1,15,0,13,2,15,0,15,0
9494898,14,1,13,2,15,0,15,0,14,1,13,2,14,1,14,1
9495232,13,2,15,0,15,0,15,0,15,0,14,1,14,1,14,1
9495247,15,0,14,1,14,1,15,0,13,2,15,0,15,0,15,0
9495334,15,0,15,0,15,0,14,1,15,0,15,0,15,0,15,0
9495996,15,0,14,1,14,1,14,1,14,1,15,0,15,0,15,0
9496049,15,0,13,2,15,0,15,0,15,0,14,1,15,0,15,0
9496121,13,2,14,1,15,0,15,0,12,3,13,2,15,0,14,1
9496418,14,1,13,2,14,1,14,1,13,2,14,1,13,2,15,0
9496779,5,10,13,2,15,0,15,0,12,3,4,11,15,0,15,0
9497083,14,1,15,0,15,0,15,0,15,0,15,0,14,1,14,1
9497222,14,1,8,7,14,1,15,0,15,0,15,0,15,0,15,0
9497449,14,1,14,1,13,2,15,0,15,0,13,2,15,0,14,1
9497502,12,3,14,1,15,0,14,1,13,2,15,0,14,1,14,1
9497669,15,0,15,0,15,0,15,0,15,0,14,1,15,0,15,0
9497753,12,3,10,5,12,3,9,6,12,3,11,4,12,3,12,3
9497847,15,0,15,0,15,0,13,2,15,0,15,0,15,0,14,1
9498288,15,0,14,1,14,1,12,3,14,1,14,1,14,1,14,1
9498372,15,0,15,0,15,0,15,0,15,0,15,0,15,0,15,0
9498729,11,4,15,0,15,0,15,0,15,0,15,0,15,0,15,0
9498731,15,0,15,0,15,0,14,1,13,2,15,0,15,0,15,0
9498769,15,0,15,0,15,0,15,0,14,1,15,0,15,0,14,1
9499036,15,0,13,2,15,0,15,0,14,1,15,0,15,0,15,0
9499221,13,2,14,1,15,0,14,1,15,0,15,0,15,0,15,0
9499235,14,1,13,2,15,0,15,0,14,1,14,1,14,1,14,1
9499729,15,0,15,0,15,0,15,0,10,5,10,5,10,5,10,5
9499857,14,1,15,0,15,0,15,0,15,0,15,0,14,1,14,1
9499995,15,0,14,1,15,0,14,1,15,0,15,0,15,0,15,0
9500097,15,0,15,0,15,0,15,0,15,0,15,0,15,0,15,0
9500199,14,1,15,0,15,0,14,1,15,0,12,3,13,2,14,1
9500854,15,0,15,0,15,0,15,0,15,0,15,0,14,1,15,0
9500977,14,1,15,0,14,1,13,2,15,0,15,0,15,0,15,0
9501070,15,0,15,0,15,0,15,0,15,0,15,0,13,2,15,0
9501292,15,0,15,0,15,0,15,0,15,0,15,0,15,0,15,0
9502346,15,0,15,0,15,0,14,1,14,1,11,4,15,0,14,1
9502378,15,0,13,2,15,0,14,1,14,1,15,0,13,2,15,0
9502983,14,1,14,1,15,0,15,0,13,2,14,1,14,1,14,1
9503730,13,2,14,1,14,1,14,1,14,1,13,2,13,2,12,3
9503941,15,0,15,0,15,0,14,1,10,5,14,1,13,2,12,3
9504610,15,0,15,0,15,0,14,1,15,0,15,0,12,3,13,2
9504612,15,0,15,0,15,0,15,0,15,0,15,0,15,0,14,1
9504911,14,1,15,0,14,1,14,1,11,4,13,2,12,3,12,3
9505204,14,1,15,0,14,1,15,0,15,0,15,0,13,2,13,2
9505322,14,1,14,1,14,1,14,1,15,0,15,0,11,4,15,0
9506031,13,2,15,0,15,0,14,1,15,0,15,0,15,0,14,1
9506839,15,0,15,0,15,0,15,0,15,0,15,0,15,0,15,0
9507429,15,0,15,0,14,1,15,0,13,2,15,0,14,1,15,0
9507666,15,0,13,2,15,0,14,1,11,4,15,0,15,0,13,2
9507755,14,1,14,1,15,0,15,0,15,0,14,1,14,1,15,0
9508535,14,1,14,1,15,0,14,1,15,0,13,2,14,1,14,1
9442326,14,1,15,0,15,0,15,0,15,0,14,1,15,0,15,0
9442525,15,0,15,0,15,0,15,0,15,0,14,1,14,1,15,0
9442557,15,0,15,0,15,0,14,1,14,1,14,1,15,0,14,1
9442594,15,0,15,0,15,0,14,1,14,1,14,1,15,0,14,1
9442615,15,0,15,0,15,0,15,0,14,1,14,1,14,1,13,2
9442737,13,2,14,1,14,1,14,1,15,0,15,0,15,0,14,1
9443220,15,0,15,0,15,0,15,0,15,0,15,0,14,1,15,0
9443455,15,0,15,0,15,0,15,0,15,0,15,0,15,0,15,0
9443523,15,0,14,1,14,1,14,1,13,2,15,0,15,0,15,0
9443795,15,0,13,2,15,0,15,0,14,1,15,0,15,0,14,1
9443957,15,0,14,1,13,2,13,2,13,2,11,4,15,0,14,1
9444504,15,0,14,1,14,1,14,1,15,0,12,3,15,0,15,0
9444981,11,4,11,4,15,0,14,1,14,1,14,1,15,0,14,1
9445123,15,0,11,4,15,0,15,0,15,0,15,0,15,0,15,0
9445320,15,0,14,1,14,1,13,2,13,2,15,0,12,3,15,0
9445355,14,1,15,0,12,3,13,2,15,0,15,0,15,0,15,0
9445912,15,0,15,0,14,1,13,2,13,2,12,3,12,3,13,2
9446025,15,0,15,0,15,0,15,0,14,1,15,0,15,0,15,0
9446556,11,4,14,1,14,1,11,4,12,3,11,4,13,2,13,2
9446769,11,4,11,4,12,3,14,1,14,1,12,3,15,0,15,0
9446790,15,0,14,1,15,0,14,1,11,4,15,0,14,1,15,0
9447781,15,0,15,0,15,0,15,0,15,0,15,0,14,1,12,3
9447871,14,1,12,3,14,1,15,0,12,3,10,5,15,0,13,2
9448330,14,1,14,1,15,0,15,0,14,1,15,0,14,1,15,0
9448337,15,0,15,0,14,1,15,0,13,2,15,0,14,1,15,0
9448420,15,0,15,0,15,0,15,0,15,0,15,0,15,0,15,0
9448743,15,0,14,1,15,0,15,0,15,0,14,1,15,0,15,0
9448754,14,1,14,1,13,2,15,0,13,2,14,1,14,1,15,0
9448783,13,2,12,3,15,0,15,0,15,0,15,0,12,3,14,1
9448785,14,1,13,2,15,0,15,0,13,2,15,0,14,1,15,0
9448974,15,0,15,0,15,0,15,0,15,0,15,0,14,1,15,0
9449729,15,0,15,0,15,0,15,0,13,2,14,1,14,1,14,1
9450008,15,0,15,0,15,0,15,0,12,3,13,2,14,1,15,0
9450085,15,0,13,2,12,3,14,1,13,2,14,1,12,3,13,2
9450415,14,1,14,1,15,0,15,0,14,1,15,0,15,0,15,0
9450516,15,0,15,0,15,0,15,0,15,0,15,0,15,0,15,0
9450553,14,1,14,1,15,0,14,1,14,1,15,0,14,1,14,1
9450735,15,0,15,0,15,0,15,0,14,1,13,2,14,1,15,0
9450839,14,1,15,0,15,0,15,0,14,1,13,2,15,0,15,0
9450848,13,2,14,1,13,2,14,1,15,0,13,2,12,3,9,6
9450996,15,0,15,0,15,0,15,0,15,0,15,0,14,1,15,0
9451855,12,3,14,1,15,0,15,0,14,1,15,0,15,0,14,1
9451886,15,0,13,2,15,0,13,2,13,2,13,2,14,1,12,3
9452035,12,3,15,0,15,0,15,0,14,1,10,5,12,3,12,3
9452581,15,0,14,1,15,0,15,0,15,0,14,1,15,0,15,0
9452585,15,0,14,1,15,0,15,0,14,1,14,1,15,0,13,2
9452903,14,1,14,1,15,0,13,2,13,2,12,3,14,1,9,6
9453353,15,0,15,0,15,0,15,0,15,0,15,0,15,0,15,0
9453431,13,2,15,0,14,1,15,0,15,0,15,0,14,1,11,4
9453551,14,1,14,1,15,0,15,0,9,6,13,2,12,3,14,1
9453710,13,2,15,0,15,0,15,0,15,0,15,0,15,0,14,1
9453851,14,1,15,0,15,0,14,1,15,0,15,0,13,2,13,2
9454154,15,0,14,1,15,0,15,0,15,0,15,0,15,0,15,0
9455038,15,0,15,0,15,0,15,0,15,0,13,2,15,0,15,0
9455147,15,0,15,0,14,1,15,0,15,0,15,0,15,0,14,1
9455256,14,1,14,1,15,0,14,1,13,2,12,3,14,1,13,2
9455423,13,2,15,0,12,3,13,2,15,0,14,1,14,1,13,2
9455430,14,1,15,0,14,1,15,0,11,4,11,4,11,4,13,2
9455483,15,0,15,0,15,0,14,1,15,0,15,0,15,0,15,0
9456109,15,0,14,1,15,0,15,0,14,1,12,3,15,0,13,2
9456610,15,0,15,0,15,0,15,0,15,0,15,0,13,2,15,0
9456865,15,0,15,0,15,0,15,0,15,0,15,0,15,0,15,0
9457035,15,0,12,3,15,0,15,0,14,1,15,0,15,0,15,0
9457084,15,0,15,0,15,0,15,0,11,4,13,2,15,0,14,1
9457273,14,1,15,0,15,0,15,0,15,0,14,1,14,1,14,1
9457410,15,0,15,0,15,0,15,0,15,0,15,0,13,2,13,2
9457573,15,0,15,0,15,0,15,0,15,0,15,0,15,0,15,0
9458826,15,0,15,0,15,0,15,0,15,0,14,1,15,0,15,0
9459595,15,0,15,0,15,0,14,1,15,0,14,1,13,2,14,1
9459910,15,0,15,0,15,0,15,0,14,1,12,3,15,0,12,3
9460334,15,0,15,0,14,1,15,0,14,1,12,3,14,1,11,4
9461259,15,0,13,2,14,1,15,0,15,0,12,3,15,0,15,0
9461370,15,0,14,1,11,4,14,1,14,1,15,0,15,0,10,5
9461998,13,2,12,3,15,0,14,1,14,1,12,3,13,2,13,2
9462350,12,3,13,2,14,1,12,3,12,3,15,0,15,0,15,0
9462719,15,0,15,0,14,1,14,1,14,1,15,0,13,2,13,2
9462997,15,0,14,1,15,0,15,0,15,0,14,1,15,0,15,0
9463184,15,0,15,0,15,0,14,1,13,2,15,0,14,1,15,0
9463452,15,0,14,1,15,0,15,0,13,2,14,1,13,2,15,0
9463617,15,0,15,0,15,0,15,0,8,7,15,0,13,2,15,0
9464938,15,0,14,1,15,0,14,1,13,2,13,2,14,1,14,1
9465213,14,1,15,0,15,0,15,0,13,2,15,0,15,0,15,0
9465667,15,0,13,2,15,0,15,0,14,1,15,0,15,0,15,0
9465671,15,0,13,2,15,0,15,0,14,1,12,3,12,3,12,3
9465921,14,1,15,0,15,0,14,1,14,1,13,2,13,2,14,1
9466138,15,0,14,1,15,0,13,2,15,0,14,1,15,0,15,0
9466283,14,1,15,0,14,1,15,0,15,0,15,0,14,1,14,1
9466326,15,0,15,0,15,0,14,1,13,2,13,2,14,1,12,3
9466476,15,0,15,0,15,0,14,1,13,2,14,1,13,2,13,2
9466480,15,0,15,0,15,0,15,0,15,0,15,0,14,1,14,1
9466742,15,0,14,1,14,1,15,0,14,1,15,0,15,0,15,0
9466829,15,0,13,2,15,0,15,0,15,0,14,1,14,1,14,1
9466866,15,0,14,1,15,0,15,0,15,0,14,1,14,1,14,1
9466884,14,1,15,0,14,1,15,0,15,0,15,0,13,2,15,0
9466941,15,0,15,0,15,0,14,1,14,1,13,2,15,0,15,0
9468306,15,0,14,1,15,0,14,1,15,0,14,1,13,2,15,0
9468749,15,0,14,1,15,0,15,0,14,1,15,0,13,2,12,3
9469068,14,1,13,2,15,0,15,0,15,0,14,1,13,2,15,0
9469184,15,0,14,1,15,0,14,1,15,0,15,0,15,0,14,1
9469520,15,0,15,0,15,0,15,0,15,0,15,0,14,1,15,0
9470505,15,0,15,0,15,0,15,0,15,0,15,0,15,0,15,0
9470701,15,0,14,1,15,0,15,0,15,0,14,1,15,0,15,0
9470917,13,2,15,0,15,0,15,0,14,1,12,3,14,1,12,3
9471425,15,0,15,0,15,0,15,0,15,0,15,0,15,0,15,0
9471449,15,0,12,3,14,1,15,0,13,2,15,0,12,3,12,3
9471484,14,1,15,0,15,0,14,1,15,0,14,1,15,0,14,1
9471899,15,0,15,0,15,0,15,0,15,0,15,0,14,1,15,0
9472554,15,0,13,2,14,1,14,1,15,0,15,0,15,0,14,1
9472997,15,0,15,0,15,0,15,0,14,1,13,2,14,1,13,2
9473204,15,0,15,0,15,0,15,0,15,0,15,0,14,1,15,0
9473616,15,0,15,0,15,0,13,2,13,2,14,1,14,1,14,1
9474211,14,1,14,1,15,0,15,0,12,3,10,5,12,3,12,3
9474251,15,0,15,0,15,0,15,0,15,0,15,0,15,0,15,0
9474260,15,0,15,0,15,0,15,0,14,1,14,1,14,1,13,2
9474400,15,0,15,0,15,0,15,0,12,3,15,0,15,0,13,2
9474984,15,0,15,0,15,0,15,0,15,0,15,0,15,0,15,0
9475114,14,1,13,2,14,1,15,0,13,2,13,2,12,3,13,2
9475907,14,1,15,0,15,0,15,0,14,1,12,3,14,1,15,0
9476077,15,0,14,1,15,0,15,0,15,0,15,0,15,0,13,2
9478100,15,0,14,1,14,1,15,0,12,3,12,3,15,0,14,1
9478161,11,4,14,1,15,0,14,1,12,3,12,3,11,4,11,4
9478896,10,5,15,0,15,0,15,0,11,4,13,2,15,0,14,1
9478990,15,0,15,0,15,0,15,0,15,0,13,2,15,0,15,0
9479102,9,6,15,0,15,0,14,1,15,0,14,1,14,1,14,1
9479433,14,1,15,0,15,0,15,0,15,0,14,1,15,0,15,0
9479480,14,1,14,1,15,0,15,0,15,0,15,0,15,0,15,0
9480047,15,0,13,2,15,0,14,1,14,1,15,0,14,1,15,0
9480089,15,0,15,0,15,0,15,0,15,0,14,1,14,1,12,3
9480636,14,1,15,0,15,0,15,0,15,0,15,0,15,0,15,0
9481785,15,0,15,0,15,0,13,2,14,1,15,0,12,3,12,3
9481871,14,1,13,2,15,0,13,2,11,4,10,5,15,0,15,0
9482268,15,0,15,0,14,1,14,1,14,1,13,2,13,2,15,0
9482360,14,1,15,0,15,0,15,0,15,0,15,0,15,0,15,0
9482529,15,0,14,1,13,2,14,1,11,4,13,2,15,0,15,0
9483955,14,1,13,2,13,2,14,1,14,1,15,0,15,0,14,1
9483998,15,0,14,1,15,0,15,0,14,1,15,0,14,1,15,0
9484797,15,0,15,0,15,0,15,0,15,0,14,1,15,0,14,1
9484885,13,2,12,3,15,0,15,0,12,3,14,1,14,1,15,0
9484981,14,1,14,1,15,0,14,1,15,0,14,1,15,0,14,1
9485001,15,0,15,0,15,0,13,2,15,0,15,0,15,0,15,0
9485061,15,0,11,4,13,2,15,0,14,1,15,0,13,2,13,2
9485337,14,1,14,1,14,1,15,0,15,0,15,0,14,1,15,0
9485435,15,0,14,1,15,0,13,2,15,0,14,1,13,2,14,1
9486270,15,0,15,0,15,0,15,0,15,0,15,0,15,0,13,2
9486901,15,0,15,0,15,0,15,0,14,1,14,1,14,1,14,1
9486974,15,0,15,0,15,0,15,0,13,2,15,0,14,1,15,0
9487140,15,0,15,0,14,1,15,0,15,0,15,0,15,0,13,2
9487238,15,0,13,2,15,0,15,0,15,0,15,0,13,2,15,0
9487357,14,1,13,2,15,0,13,2,14,1,13,2,15,0,11,4
9487366,15,0,15,0,15,0,15,0,15,0,13,2,15,0,15,0
9487470,14,1,13,2,15,0,15,0,15,0,15,0,15,0,15,0
9487703,12,3,12,3,14,1,15,0,14,1,13,2,14,1,15,0
9487951,12,3,14,1,14,1,12,3,12,3,14,1,15,0,13,2
9488063,15,0,14,1,15,0,15,0,15,0,15,0,15,0,15,0
9488460,15,0,12,3,15,0,14,1,14,1,14,1,13,2,13,2
9488720,15,0,15,0,15,0,15,0,14,1,15,0,15,0,15,0
9488829,15,0,15,0,15,0,15,0,15,0,15,0,14,1,15,0
9488839,14,1,15,0,15,0,15,0,15,0,14,1,15,0,15,0
9489382,15,0,14,1,15,0,15,0,14,1,13,2,11,4,13,2
9490585,15,0,15,0,15,0,15,0,14,1,15,0,14,1,14,1
9490609,15,0,15,0,15,0,15,0,15,0,15,0,15,0,15,0
9490969,15,0,15,0,15,0,14,1,14,1,13,2,14,1,14,1
9491092,15,0,15,0,15,0,15,0,14,1,15,0,13,2,15,0
9491094,14,1,13,2,14,1,13,2,13,2,15,0,13,2,8,7
9491110,15,0,15,0,15,0,15,0,11,4,11,4,15,0,15,0
9491957,14,1,14,1,13,2,14,1,14,1,14,1,13,2,14,1
9492035,14,1,14,1,15,0,15,0,14,1,15,0,11,4,15,0
9492068,14,1,15,0,15,0,15,0,15,0,15,0,14,1,15,0
9492101,15,0,15,0,14,1,13,2,14,1,15,0,14,1,13,2
9492698,12,3,14,1,15,0,15,0,13,2,14,1,14,1,15,0
9492876,15,0,15,0,15,0,15,0,15,0,15,0,15,0,15,0
9493144,12,3,11,4,15,0,15,0,10,5,12,3,15,0,12,3
9493650,13,2,12,3,15,0,15,0,15,0,13,2,13,2,14,1
9493958,13,2,10,5,12,3,12,3,11,4,13,2,15,0,10,5
9493994,13,2,15,0,15,0,13,2,13,2,12,3,13,2,14,1
9494780,14,1,14,1,15,0,15,0,13,2,14,1,14,1,15,0
9495782,15,0,15,0,15,0,15,0,15,0,15,0,15,0,15,0
9495865,15,0,15,0,15,0,14,1,14,1,15,0,15,0,14,1
9495877,15,0,15,0,15,0,15,0,13,2,13,2,14,1,15,0
9496647,14,1,14,1,15,0,14,1,15,0,14,1,15,0,14,1
9497556,15,0,15,0,15,0,14,1,12,3,12,3,15,0,14,1
9497706,12,3,15,0,15,0,14,1,14,1,14,1,14,1,13,2
9497997,14,1,11,4,15,0,15,0,14,1,15,0,12,3,14,1
9498560,15,0,14,1,15,0,15,0,12,3,14,1,15,0,15,0
9498563,15,0,14,1,15,0,15,0,14,1,15,0,15,0,14,1
9499394,15,0,14,1,15,0,15,0,14,1,15,0,15,0,14,1
9499398,15,0,15,0,15,0,15,0,15,0,15,0,15,0,15,0
9499958,15,0,15,0,15,0,14,1,15,0,14,1,15,0,15,0
9500202,15,0,15,0,13,2,15,0,14,1,15,0,15,0,15,0
9500274,12,3,14,1,14,1,14,1,13,2,15,0,15,0,15,0
9500604,15,0,14,1,15,0,15,0,15,0,14,1,15,0,15,0
9500938,15,0,15,0,14,1,15,0,15,0,15,0,15,0,15,0
9501261,13,2,11,4,14,1,14,1,14,1,14,1,12,3,13,2
9501643,14,1,15,0,15,0,14,1,12,3,11,4,12,3,13,2
9503489,14,1,15,0,14,1,15,0,15,0,15,0,15,0,15,0
9504215,14,1,15,0,15,0,15,0,15,0,15,0,12,3,13,2
9504871,8,7,8,7,14,1,12,3,14,1,15,0,15,0,8,7
9507109,15,0,15,0,15,0,15,0,15,0,15,0,15,0,15,0
9507293,11,4,13,2,15,0,14,1,12,3,13,2,13,2,15,0
9507374,15,0,14,1,14,1,13,2,15,0,14,1,15,0,14,1
9442541,15,0,14,1,14,1,15,0,15,0,15,0,14,1,15,0
9442859,15,0,15,0,15,0,15,0,15,0,15,0,15,0,15,0
9442941,15,0,13,2,15,0,15,0,10,5,15,0,13,2,15,0
9443068,14,1,14,1,15,0,14,1,12,3,14,1,14,1,11,4
9443297,15,0,14,1,15,0,15,0,15,0,15,0,15,0,14,1
9445161,15,0,13,2,14,1,13,2,14,1,14,1,14,1,13,2
9445313,14,1,15,0,14,1,15,0,15,0,15,0,15,0,14,1
9445778,15,0,14,1,13,2,13,2,11,4,13,2,14,1,14,1
9445968,15,0,15,0,15,0,15,0,15,0,15,0,15,0,14,1
9445979,15,0,13,2,15,0,15,0,14,1,15,0,14,1,12,3
9446070,15,0,15,0,15,0,15,0,15,0,15,0,13,2,14,1
9446148,15,0,15,0,15,0,15,0,15,0,15,0,15,0,15,0
9446547,14,1,15,0,15,0,15,0,14,1,15,0,14,1,14,1
9446713,14,1,14,1,14,1,15,0,14,1,15,0,14,1,13,2
9447303,15,0,14,1,15,0,15,0,15,0,13,2,15,0,12,3
9448080,14,1,14,1,15,0,15,0,15,0,15,0,14,1,14,1
9448145,14,1,14,1,15,0,11,4,15,0,15,0,13,2,13,2
9448350,13,2,15,0,15,0,15,0,15,0,15,0,15,0,13,2
9448503,15,0,15,0,15,0,15,0,15,0,15,0,15,0,15,0
9448787,15,0,14,1,15,0,15,0,14,1,15,0,12,3,13,2
9449335,15,0,15,0,15,0,14,1,13,2,15,0,13,2,15,0
9449982,15,0,15,0,15,0,15,0,14,1,14,1,15,0,15,0
9450000,15,0,15,0,14,1,15,0,15,0,14,1,14,1,15,0
9450360,14,1,14,1,14,1,15,0,15,0,14,1,15,0,15,0
9450540,12,3,14,1,14,1,15,0,14,1,15,0,11,4,11,4
9451718,13,2,14,1,14,1,13,2,15,0,15,0,14,1,15,0
9451948,13,2,9,6,15,0,13,2,14,1,14,1,15,0,15,0
9451983,14,1,15,0,15,0,15,0,15,0,15,0,15,0,15,0
9452040,14,1,14,1,14,1,15,0,10,5,12,3,10,5,11,4
9452066,15,0,15,0,15,0,15,0,15,0,15,0,15,0,15,0
9452167,10,5,10,5,12,3,13,2,15,0,13,2,13,2,11,4
9452446,15,0,15,0,15,0,15,0,15,0,15,0,15,0,15,0
9452647,13,2,15,0,15,0,15,0,15,0,13,2,12,3,14,1
9453356,12,3,15,0,14,1,14,1,15,0,14,1,14,1,13,2
9454290,14,1,14,1,15,0,13,2,15,0,15,0,14,1,13,2
9454463,15,0,14,1,15,0,15,0,14,1,14,1,13,2,11,4
9454471,15,0,15,0,15,0,14,1,15,0,15,0,15,0,14,1
9454485,13,2,10,5,12,3,8,7,14,1,15,0,13,2,12,3
9454514,15,0,14,1,15,0,14,1,14,1,14,1,14,1,15,0
9454950,13,2,12,3,14,1,15,0,14,1,15,0,15,0,15,0
9455372,15,0,15,0,14,1,13,2,8,7,12,3,12,3,13,2
9455528,14,1,15,0,15,0,14,1,15,0,13,2,14,1,13,2
9455580,15,0,13,2,15,0,15,0,15,0,15,0,13,2,15,0
9456023,14,1,15,0,15,0,15,0,15,0,15,0,14,1,15,0
9456045,15,0,15,0,14,1,13,2,13,2,14,1,15,0,15,0
9456781,13,2,14,1,14,1,15,0,15,0,14,1,14,1,15,0
9456823,14,1,14,1,15,0,14,1,15,0,13,2,15,0,14,1
9456846,14,1,14,1,15,0,15,0,14,1,15,0,15,0,15,0
9457092,15,0,15,0,15,0,15,0,14,1,14,1,15,0,15,0
9457137,15,0,15,0,15,0,15,0,13,2,14,1,15,0,15,0
9457194,14,1,15,0,15,0,15,0,15,0,15,0,15,0,14,1
9457324,15,0,15,0,15,0,14,1,15,0,15,0,15,0,13,2
9457347,15,0,15,0,15,0,15,0,14,1,15,0,15,0,15,0
9457389,14,1,15,0,15,0,15,0,15,0,15,0,15,0,15,0
9457473,15,0,15,0,15,0,15,0,14,1,15,0,15,0,15,0
9457517,14,1,12,3,15,0,14,1,13,2,14,1,15,0,15,0
9457545,15,0,15,0,15,0,15,0,15,0,15,0,15,0,15,0
9457577,14,1,15,0,15,0,15,0,13,2,14,1,14,1,15,0
9457693,14,1,15,0,14,1,15,0,15,0,15,0,14,1,15,0
9458251,15,0,15,0,15,0,14,1,15,0,15,0,13,2,15,0
9459285,15,0,15,0,15,0,13,2,15,0,15,0,15,0,15,0
9459295,15,0,13,2,15,0,14,1,13,2,14,1,15,0,14,1
9459335,14,1,13,2,15,0,14,1,14,1,15,0,13,2,14,1
9459615,15,0,15,0,15,0,15,0,15,0,15,0,13,2,15,0
9459929,14,1,14,1,12,3,14,1,13,2,15,0,15,0,14,1
9460004,14,1,14,1,15,0,14,1,13,2,14,1,15,0,14,1
9460329,15,0,15,0,15,0,15,0,12,3,5,10,14,1,14,1
9460790,15,0,15,0,14,1,15,0,15,0,14,1,14,1,13,2
9461380,15,0,15,0,15,0,15,0,15,0,15,0,15,0,15,0
9461778,15,0,14,1,15,0,15,0,12,3,12,3,11,4,13,2
9462098,14,1,14,1,15,0,15,0,13,2,13,2,13,2,13,2
9462210,14,1,14,1,14,1,14,1,13,2,12,3,12,3,13,2
9462300,15,0,15,0,15,0,15,0,15,0,15,0,14,1,15,0
9462383,15,0,15,0,15,0,15,0,15,0,14,1,13,2,13,2
9463610,14,1,15,0,15,0,15,0,14,1,15,0,15,0,12,3
9463757,12,3,13,2,15,0,14,1,14,1,14,1,15,0,13,2
9464215,15,0,14,1,15,0,15,0,15,0,15,0,15,0,15,0
9464259,12,3,13,2,14,1,14,1,13,2,11,4,14,1,14,1
9464547,14,1,15,0,15,0,15,0,15,0,15,0,15,0,15,0
9464662,15,0,14,1,15,0,15,0,15,0,13,2,14,1,15,0
9464807,14,1,13,2,15,0,15,0,15,0,15,0,15,0,15,0
9465416,14,1,14,1,15,0,15,0,12,3,13,2,14,1,14,1
9465464,14,1,15,0,15,0,14,1,15,0,10,5,14,1,13,2
9465476,14,1,12,3,13,2,14,1,15,0,14,1,14,1,15,0
9465810,15,0,15,0,14,1,15,0,15,0,15,0,15,0,15,0
9465994,15,0,15,0,15,0,15,0,15,0,15,0,15,0,15,0
9466295,13,2,13,2,15,0,14,1,15,0,15,0,14,1,14,1
9466442,14,1,14,1,15,0,15,0,15,0,14,1,15,0,15,0
9466591,15,0,15,0,15,0,15,0,15,0,14,1,15,0,15,0
9466604,13,2,14,1,15,0,14,1,12,3,12,3,15,0,15,0
9466626,15,0,15,0,14,1,14,1,10,5,11,4,12,3,12,3
9466649,14,1,13,2,15,0,15,0,12,3,13,2,15,0,15,0
9466736,15,0,13,2,15,0,15,0,15,0,15,0,14,1,13,2
9466887,15,0,15,0,14,1,13,2,13,2,12,3,15,0,15,0
9467039,14,1,14,1,15,0,15,0,15,0,13,2,15,0,15,0
9467163,15,0,13,2,15,0,15,0,15,0,14,1,14,1,13,2
9467589,15,0,15,0,15,0,14,1,15,0,14,1,15,0,15,0
9467751,10,5,15,0,14,1,15,0,10,5,13,2,12,3,13,2
9467767,15,0,13,2,14,1,14,1,11,4,13,2,14,1,13,2
9467918,14,1,15,0,15,0,15,0,15,0,15,0,15,0,15,0
9468212,15,0,15,0,15,0,15,0,14,1,15,0,15,0,15,0
9468711,14,1,15,0,14,1,14,1,13,2,11,4,13,2,15,0
9469027,14,1,15,0,15,0,14,1,15,0,14,1,13,2,12,3
9469549,14,1,14,1,15,0,14,1,12,3,14,1,11,4,12,3
9470057,14,1,15,0,15,0,15,0,15,0,14,1,15,0,15,0
9470308,14,1,15,0,14,1,14,1,15,0,15,0,15,0,15,0
9470925,11,4,9,6,15,0,14,1,13,2,11,4,15,0,15,0
9471777,13,2,14,1,12,3,14,1,12,3,15,0,14,1,13,2
9472071,15,0,13,2,15,0,15,0,13,2,14,1,15,0,13,2
9472406,14,1,15,0,15,0,15,0,15,0,14,1,15,0,15,0
9472473,15,0,13,2,14,1,15,0,15,0,15,0,11,4,12,3
9473011,13,2,14,1,15,0,14,1,15,0,15,0,13,2,15,0
9473273,15,0,15,0,15,0,15,0,15,0,15,0,15,0,14,1
9473487,14,1,13,2,15,0,15,0,15,0,15,0,13,2,14,1
9473549,14,1,14,1,13,2,12,3,15,0,14,1,11,4,14,1
9473577,15,0,14,1,15,0,15,0,14,1,15,0,15,0,15,0
9473685,12,3,11,4,14,1,12,3,11,4,12,3,15,0,14,1
9473790,15,0,14,1,15,0,14,1,15,0,15,0,14,1,14,1
9473954,15,0,13,2,14,1,15,0,14,1,13,2,10,5,12,3
9474261,15,0,15,0,15,0,14,1,15,0,15,0,14,1,15,0
9474474,14,1,15,0,15,0,13,2,14,1,14,1,15,0,15,0
9474578,15,0,15,0,15,0,14,1,15,0,15,0,12,3,14,1
9475613,15,0,15,0,15,0,15,0,13,2,15,0,15,0,15,0
9475813,14,1,15,0,15,0,14,1,15,0,15,0,14,1,15,0
9476942,15,0,15,0,14,1,15,0,15,0,15,0,13,2,15,0
9477292,15,0,15,0,15,0,15,0,15,0,15,0,15,0,14,1
9477544,15,0,14,1,15,0,14,1,15,0,12,3,14,1,14,1
9477982,15,0,15,0,15,0,15,0,15,0,15,0,15,0,15,0
9478294,13,2,11,4,12,3,12,3,14,1,14,1,14,1,14,1
9479049,13,2,14,1,15,0,15,0,14,1,15,0,15,0,14,1
9479285,15,0,14,1,15,0,14,1,13,2,15,0,15,0,15,0
9480613,15,0,13,2,14,1,13,2,15,0,15,0,13,2,14,1
9480797,14,1,15,0,15,0,14,1,12,3,14,1,14,1,13,2
9481116,15,0,15,0,15,0,14,1,15,0,15,0,13,2,13,2
9481219,14,1,15,0,14,1,15,0,15,0,15,0,15,0,14,1
9481619,15,0,15,0,14,1,14,1,14,1,14,1,15,0,15,0
9481752,13,2,15,0,13,2,15,0,14,1,15,0,15,0,15,0
9483356,14,1,14,1,15,0,13,2,14,1,15,0,13,2,15,0
9483409,15,0,12,3,15,0,15,0,15,0,15,0,13,2,15,0
9483756,15,0,14,1,15,0,15,0,15,0,15,0,15,0,14,1
9483894,13,2,15,0,15,0,15,0,15,0,14,1,15,0,15,0
9484431,14,1,15,0,15,0,15,0,14,1,15,0,15,0,12,3
9484827,14,1,14,1,14,1,15,0,14,1,15,0,13,2,14,1
9484902,14,1,14,1,15,0,13,2,13,2,12,3,14,1,12,3
9485033,15,0,15,0,14,1,13,2,13,2,13,2,15,0,15,0
9485614,15,0,15,0,13,2,15,0,15,0,13,2,10,5,12,3
9486669,14,1,15,0,15,0,14,1,15,0,15,0,15,0,15,0
9486743,15,0,13,2,15,0,14,1,14,1,15,0,14,1,15,0
9487537,12,3,13,2,15,0,15,0,13,2,14,1,12,3,15,0
9487854,13,2,13,2,15,0,15,0,15,0,15,0,15,0,11,4
9488117,15,0,15,0,15,0,15,0,15,0,15,0,15,0,15,0
9488640,15,0,14,1,14,1,15,0,13,2,15,0,13,2,12,3
9488739,15,0,15,0,15,0,15,0,14,1,14,1,15,0,15,0
9489117,15,0,15,0,15,0,15,0,15,0,15,0,14,1,15,0
9489130,15,0,15,0,15,0,15,0,15,0,15,0,15,0,13,2
9489273,14,1,15,0,15,0,14,1,15,0,15,0,13,2,15,0
9489934,15,0,14,1,15,0,14,1,13,2,15,0,15,0,15,0
9490037,11,4,13,2,13,2,13,2,12,3,14,1,13,2,12,3
9490314,15,0,14,1,15,0,15,0,15,0,15,0,15,0,15,0
9490683,11,4,11,4,15,0,14,1,13,2,15,0,15,0,15,0
9491942,13,2,13,2,15,0,15,0,15,0,14,1,14,1,14,1
9492008,15,0,15,0,15,0,15,0,14,1,14,1,14,1,15,0
9492109,15,0,15,0,15,0,15,0,15,0,15,0,15,0,14,1
9492119,14,1,15,0,15,0,13,2,15,0,15,0,14,1,13,2
9492188,14,1,14,1,14,1,15,0,14,1,15,0,13,2,14,1
9492394,15,0,13,2,15,0,15,0,14,1,15,0,14,1,15,0
9494827,15,0,15,0,15,0,15,0,13,2,15,0,13,2,13,2
9494859,13,2,12,3,14,1,15,0,15,0,14,1,15,0,15,0
9495043,15,0,15,0,15,0,15,0,15,0,14,1,15,0,15,0
9495478,13,2,15,0,15,0,15,0,15,0,15,0,13,2,15,0
9495698,15,0,14,1,13,2,15,0,13,2,15,0,14,1,13,2
9495755,15,0,15,0,14,1,15,0,15,0,15,0,14,1,15,0
9495797,10,5,15,0,12,3,13,2,13,2,15,0,12,3,12,3
9496687,15,0,15,0,15,0,14,1,15,0,14,1,14,1,15,0
9497379,15,0,14,1,15,0,15,0,14,1,14,1,12,3,13,2
9497410,15,0,14,1,15,0,15,0,15,0,15,0,15,0,15,0
9497700,15,0,14,1,15,0,15,0,14,1,15,0,15,0,15,0
9497926,15,0,15,0,15,0,15,0,15,0,15,0,15,0,13,2
9498041,15,0,15,0,15,0,15,0,15,0,12,3,15,0,12,3
9498100,15,0,15,0,15,0,14,1,12,3,13,2,13,2,14,1
9498300,15,0,15,0,14,1,15,0,15,0,15,0,14,1,12,3
9498698,14,1,14,1,14,1,14,1,15,0,15,0,11,4,7,8
9499049,13,2,15,0,13,2,14,1,14,1,15,0,15,0,14,1
9500795,15,0,14,1,14,1,15,0,14,1,15,0,15,0,14,1
9501448,15,0,15,0,15,0,14,1,15,0,14,1,14,1,14,1
9501480,15,0,14,1,15,0,15,0,15,0,14,1,13,2,14,1
9502313,10,5,14,1,14,1,14,1,13,2,15,0,12,3,14,1
9502413,15,0,14,1,13,2,14,1,8,7,12,3,12,3,15,0
9502665,13,2,13,2,15,0,15,0,14,1,15,0,14,1,15,0
9502968,14,1,15,0,15,0,15,0,15,0,14,1,15,0,15,0
9504032,14,1,15,0,15,0,14,1,14,1,15,0,12,3,12,3
9505165,14,1,14,1,15,0,15,0,14,1,15,0,14,1,15,0
9505181,14,1,15,0,15,0,15,0,15,0,14,1,15,0,15,0
9505209,15,0,15,0,15,0,15,0,13,2,13,2,15,0,12,3
9505639,14,1,14,1,15,0,15,0,14,1,13,2,15,0,14,1
9506084,15,0,15,0,15,0,15,0,15,0,15,0,13,2,15,0
9506290,10,5,15,0,15,0,15,0,15,0,14,1,15,0,14,1
9506595,15,0,14,1,15,0,15,0,15,0,14,1,15,0,15,0
9506688,14,1,13,2,14,1,15,0,15,0,14,1,13,2,12,3
9506747,13,2,12,3,15,0,14,1,14,1,15,0,14,1,15,0
9507198,15,0,13,2,14,1,15,0,13,2,15,0,14,1,15,0
9507438,15,0,15,0,15,0,15,0,15,0,14,1,13,2,15,0
9508205,15,0,14,1,15,0,14,1,15,0,15,0,14,1,15,0
9508494,14,1,14,1,14,1,14,1,12,3,11,4,13,2,11,4
9508748,15,0,15,0,15,0,14,1,15,0,14,1,14,1,15,0
9442147,15,0,13,2,15,0,15,0,15,0,15,0,15,0,15,0
9442237,15,0,14,1,15,0,15,0,12,3,12,3,12,3,13,2
9442456,14,1,13,2,15,0,15,0,12,3,12,3,14,1,12,3
9442464,14,1,14,1,15,0,15,0,15,0,15,0,13,2,15,0
9442542,15,0,15,0,15,0,15,0,14,1,15,0,14,1,15,0
9442703,15,0,12,3,15,0,15,0,13,2,15,0,13,2,12,3
9442798,14,1,14,1,14,1,14,1,15,0,15,0,15,0,13,2
9442839,15,0,12,3,12,3,13,2,11,4,10,5,14,1,13,2
9442897,15,0,14,1,15,0,15,0,14,1,15,0,14,1,15,0
9442995,15,0,14,1,15,0,15,0,15,0,15,0,13,2,13,2
9443218,12,3,12,3,11,4,13,2,11,4,12,3,14,1,13,2
9444203,13,2,11,4,14,1,15,0,13,2,14,1,15,0,14,1
9444327,15,0,13,2,13,2,15,0,15,0,12,3,12,3,12,3
9444775,15,0,13,2,14,1,14,1,11,4,15,0,11,4,14,1
9444854,14,1,15,0,15,0,15,0,15,0,15,0,15,0,15,0
9445105,15,0,15,0,15,0,15,0,15,0,15,0,15,0,15,0
9445106,15,0,15,0,14,1,15,0,14,1,14,1,15,0,15,0
9445239,14,1,15,0,14,1,13,2,10,5,13,2,15,0,14,1
9445620,14,1,15,0,15,0,15,0,15,0,14,1,14,1,14,1
9445748,12,3,12,3,13,2,13,2,15,0,11,4,15,0,15,0
9445960,15,0,11,4,15,0,15,0,15,0,14,1,15,0,15,0
9446279,12,3,15,0,14,1,15,0,14,1,12,3,15,0,14,1
9446284,15,0,14,1,15,0,15,0,15,0,14,1,13,2,14,1
9446376,14,1,14,1,11,4,15,0,14,1,13,2,11,4,14,1
9446682,15,0,15,0,13,2,15,0,14,1,14,1,15,0,15,0
9446720,15,0,15,0,15,0,15,0,15,0,15,0,15,0,15,0
9446738,14,1,15,0,15,0,14,1,15,0,15,0,15,0,14,1
9447142,15,0,14,1,15,0,13,2,14,1,15,0,15,0,14,1
9447186,15,0,15,0,15,0,14,1,15,0,14,1,14,1,13,2
9447247,15,0,14,1,14,1,13,2,15,0,15,0,14,1,15,0
9447482,14,1,15,0,15,0,15,0,12,3,14,1,15,0,14,1
9447485,15,0,15,0,15,0,15,0,15,0,15,0,15,0,15,0
9447597,15,0,15,0,15,0,15,0,15,0,14,1,15,0,15,0
9448158,14,1,15,0,15,0,15,0,15,0,15,0,15,0,15,0
9448209,15,0,15,0,15,0,14,1,15,0,15,0,14,1,14,1
9448486,14,1,14,1,15,0,13,2,11,4,14,1,15,0,15,0
9448537,15,0,15,0,15,0,15,0,15,0,15,0,14,1,14,1
9448541,12,3,15,0,13,2,13,2,14,1,13,2,15,0,14,1
9448542,9,6,14,1,14,1,11,4,13,2,14,1,14,1,14,1
9448701,12,3,14,1,15,0,15,0,14,1,13,2,10,5,13,2
9449387,15,0,14,1,15,0,15,0,15,0,15,0,15,0,15,0
9449423,15,0,15,0,14,1,12,3,14,1,14,1,15,0,14,1
9449427,14,1,14,1,15,0,15,0,12,3,14,1,14,1,14,1
9449504,14,1,14,1,15,0,15,0,13,2,13,2,15,0,14,1
9449795,15,0,12,3,9,6,15,0,11,4,15,0,15,0,15,0
9450139,15,0,15,0,14,1,15,0,14,1,15,0,15,0,15,0
9450285,15,0,15,0,14,1,15,0,15,0,14,1,15,0,14,1
9450393,13,2,14,1,10,5,12,3,15,0,15,0,15,0,14,1
9450444,14,1,12,3,15,0,15,0,15,0,15,0,14,1,15,0
9450513,14,1,14,1,14,1,13,2,13,2,14,1,14,1,15,0
9450541,13,2,14,1,15,0,15,0,15,0,15,0,14,1,15,0
9450739,15,0,15,0,15,0,14,1,15,0,15,0,15,0,15,0
9450994,14,1,15,0,13,2,13,2,15,0,14,1,14,1,15,0
9451207,15,0,15,0,15,0,13,2,14,1,13,2,15,0,13,2
9451238,15,0,13,2,15,0,15,0,13,2,13,2,14,1,14,1
9451491,14,1,14,1,15,0,14,1,14,1,14,1,13,2,15,0
9451578,15,0,15,0,14,1,13,2,13,2,14,1,15,0,14,1
9451853,15,0,14,1,15,0,15,0,13,2,13,2,15,0,15,0
9452166,13,2,14,1,15,0,15,0,15,0,15,0,15,0,15,0
9452374,15,0,15,0,14,1,15,0,15,0,15,0,15,0,14,1
9452555,15,0,15,0,15,0,15,0,15,0,15,0,15,0,15,0
9452744,14,1,14,1,14,1,14,1,15,0,15,0,15,0,15,0
9453301,15,0,15,0,14,1,13,2,14,1,15,0,15,0,15,0
9453407,15,0,15,0,15,0,13,2,15,0,11,4,15,0,15,0
9453670,14,1,15,0,15,0,15,0,15,0,15,0,14,1,11,4
9453875,13,2,13,2,15,0,14,1,15,0,14,1,12,3,14,1
9454103,15,0,14,1,15,0,15,0,15,0,15,0,13,2,15,0
9454132,14,1,13,2,14,1,15,0,14,1,15,0,15,0,14,1
9454480,15,0,14,1,15,0,15,0,13,2,13,2,14,1,15,0
9454737,14,1,15,0,15,0,15,0,15,0,13,2,14,1,15,0
9454804,15,0,14,1,15,0,14,1,13,2,14,1,14,1,15,0
9454869,14,1,15,0,15,0,15,0,14,1,13,2,15,0,15,0
9454912,14,1,15,0,15,0,15,0,12,3,12,3,13,2,14,1
9455093,12,3,13,2,15,0,15,0,15,0,15,0,15,0,15,0
9455510,13,2,13,2,14,1,15,0,13,2,14,1,15,0,15,0
9455860,15,0,15,0,13,2,11,4,15,0,15,0,15,0,15,0
9456369,12,3,15,0,15,0,14,1,14,1,15,0,14,1,14,1
9456864,11,4,13,2,14,1,15,0,12,3,13,2,13,2,14,1
9456962,14,1,12,3,15,0,14,1,15,0,14,1,14,1,15,0
9456991,13,2,12,3,11,4,14,1,14,1,14,1,11,4,13,2
9457003,14,1,13,2,14,1,15,0,15,0,13,2,15,0,14,1
9457042,13,2,14,1,15,0,15,0,15,0,14,1,15,0,15,0
9457083,15,0,15,0,15,0,15,0,15,0,15,0,15,0,15,0
9457109,15,0,15,0,14,1,15,0,14,1,15,0,15,0,15,0
9457123,15,0,15,0,14,1,15,0,15,0,15,0,14,1,14,1
9457200,14,1,15,0,15,0,15,0,14,1,15,0,15,0,15,0
9457314,13,2,14,1,15,0,14,1,14,1,15,0,15,0,15,0
9457379,13,2,15,0,13,2,14,1,13,2,15,0,11,4,15,0
9457427,15,0,13,2,13,2,12,3,12,3,15,0,14,1,12,3
9457660,14,1,14,1,15,0,15,0,15,0,15,0,15,0,13,2
9458432,15,0,15,0,15,0,15,0,12,3,12,3,14,1,14,1
9458753,13,2,15,0,12,3,13,2,15,0,15,0,15,0,15,0
9459184,15,0,15,0,15,0,14,1,13,2,15,0,13,2,15,0
9459271,14,1,15,0,15,0,15,0,15,0,14,1,15,0,15,0
9459830,15,0,13,2,14,1,13,2,15,0,15,0,13,2,14,1
9459875,14,1,14,1,14,1,14,1,12,3,11,4,14,1,13,2
9460132,15,0,14,1,15,0,14,1,14,1,15,0,15,0,15,0
9460276,15,0,15,0,15,0,15,0,15,0,15,0,15,0,15,0
9460359,15,0,14,1,13,2,13,2,13,2,13,2,13,2,14,1
9460484,10,5,14,1,15,0,15,0,11,4,15,0,14,1,15,0
9460525,13,2,15,0,12,3,14,1,8,7,12,3,12,3,13,2
9461152,15,0,15,0,14,1,15,0,14,1,14,1,14,1,15,0
9461531,14,1,15,0,14,1,13,2,14,1,14,1,14,1,12,3
9461540,15,0,14,1,15,0,12,3,12,3,14,1,15,0,15,0
9461554,15,0,13,2,15,0,14,1,15,0,14,1,13,2,15,0
9461762,15,0,15,0,15,0,14,1,15,0,14,1,15,0,14,1
9461986,15,0,15,0,15,0,14,1,13,2,14,1,12,3,15,0
9462059,15,0,15,0,15,0,15,0,13,2,14,1,13,2,13,2
9463062,15,0,15,0,15,0,15,0,15,0,15,0,14,1,15,0
9464515,15,0,15,0,15,0,14,1,15,0,14,1,15,0,15,0
9464691,15,0,15,0,15,0,14,1,14,1,15,0,15,0,15,0
9465069,15,0,15,0,14,1,14,1,15,0,14,1,14,1,15,0
9465900,14,1,15,0,14,1,14,1,14,1,14,1,15,0,15,0
9466453,13,2,15,0,15,0,15,0,15,0,15,0,15,0,15,0
9467505,12,3,15,0,13,2,15,0,13,2,14,1,12,3,15,0
9467554,15,0,14,1,15,0,15,0,15,0,14,1,15,0,11,4
9467940,12,3,13,2,15,0,15,0,10,5,13,2,12,3,14,1
9468628,15,0,15,0,12,3,11,4,15,0,14,1,15,0,14,1
9468868,15,0,15,0,15,0,15,0,14,1,15,0,14,1,14,1
9469134,15,0,15,0,14,1,15,0,14,1,15,0,15,0,14,1
9469525,15,0,14,1,13,2,12,3,11,4,13,2,12,3,15,0
9470001,14,1,15,0,14,1,13,2,15,0,12,3,15,0,15,0
9470072,13,2,10,5,15,0,14,1,13,2,14,1,9,6,9,6
9470357,15,0,14,1,15,0,15,0,15,0,15,0,15,0,14,1
9470702,14,1,14,1,14,1,15,0,15,0,15,0,15,0,15,0
9470738,13,2,15,0,14,1,14,1,13,2,15,0,15,0,15,0
9470770,15,0,15,0,13,2,12,3,14,1,14,1,14,1,15,0
9471215,14,1,14,1,15,0,15,0,14,1,15,0,15,0,15,0
9471615,13,2,14,1,14,1,14,1,14,1,14,1,14,1,14,1
9471692,15,0,15,0,15,0,15,0,14,1,15,0,15,0,14,1
9473309,13,2,13,2,14,1,13,2,14,1,12,3,15,0,15,0
9473600,15,0,15,0,15,0,15,0,14,1,15,0,15,0,14,1
9475086,13,2,15,0,14,1,15,0,15,0,15,0,11,4,15,0
9475110,15,0,14,1,15,0,15,0,15,0,14,1,15,0,15,0
9475456,15,0,15,0,14,1,15,0,15,0,15,0,14,1,15,0
9475889,15,0,13,2,15,0,14,1,15,0,13,2,15,0,15,0
9476788,15,0,15,0,15,0,15,0,15,0,15,0,15,0,15,0
9477215,15,0,15,0,15,0,15,0,14,1,15,0,15,0,15,0
9477411,15,0,15,0,15,0,13,2,13,2,14,1,15,0,15,0
9477609,13,2,13,2,15,0,15,0,15,0,13,2,14,1,14,1
9477659,15,0,13,2,14,1,15,0,15,0,15,0,15,0,14,1
9479619,15,0,15,0,15,0,15,0,15,0,15,0,14,1,11,4
9479914,15,0,15,0,15,0,14,1,15,0,15,0,15,0,13,2
9480745,15,0,15,0,15,0,15,0,15,0,15,0,15,0,15,0
9480873,15,0,15,0,15,0,15,0,15,0,14,1,15,0,14,1
9481113,11,4,10,5,14,1,15,0,13,2,14,1,12,3,14,1
9481861,15,0,14,1,15,0,15,0,15,0,15,0,15,0,15,0
9482465,15,0,14,1,14,1,14,1,14,1,15,0,15,0,15,0
9482580,15,0,15,0,15,0,13,2,14,1,14,1,15,0,15,0
9482702,14,1,13,2,15,0,15,0,14,1,14,1,14,1,12,3
9482935,14,1,15,0,15,0,15,0,14,1,15,0,15,0,14,1
9483083,13,2,13,2,13,2,13,2,13,2,13,2,13,2,14,1
9483492,15,0,14,1,15,0,14,1,15,0,14,1,15,0,15,0
9483580,14,1,13,2,15,0,15,0,15,0,15,0,12,3,14,1
9483623,15,0,14,1,15,0,14,1,14,1,13,2,14,1,14,1
9484626,15,0,15,0,14,1,15,0,15,0,14,1,15,0,15,0
9485162,15,0,15,0,15,0,15,0,15,0,15,0,15,0,13,2
9485247,15,0,15,0,14,1,15,0,15,0,15,0,15,0,15,0
9485336,15,0,14,1,15,0,15,0,14,1,15,0,15,0,15,0
9485783,15,0,15,0,15,0,15,0,15,0,15,0,15,0,14,1
9486203,15,0,14,1,15,0,15,0,15,0,15,0,15,0,13,2
9486424,14,1,15,0,15,0,15,0,14,1,15,0,14,1,15,0
9486425,11,4,15,0,13,2,14,1,15,0,13,2,14,1,11,4
9486537,14,1,13,2,15,0,15,0,13,2,14,1,15,0,15,0
9486693,14,1,14,1,14,1,14,1,14,1,13,2,15,0,15,0
9487142,14,1,14,1,14,1,15,0,13,2,15,0,11,4,11,4
9487711,12,3,13,2,14,1,15,0,15,0,15,0,15,0,15,0
9487853,13,2,12,3,14,1,15,0,11,4,12,3,15,0,15,0
9487888,15,0,15,0,15,0,15,0,15,0,15,0,14,1,14,1
9488347,15,0,14,1,14,1,13,2,13,2,12,3,14,1,15,0
9488612,14,1,15,0,14,1,15,0,15,0,15,0,14,1,15,0
9488648,11,4,14,1,15,0,13,2,15,0,15,0,8,7,11,4
9488897,15,0,15,0,15,0,15,0,15,0,15,0,15,0,15,0
9488939,15,0,15,0,15,0,15,0,15,0,15,0,15,0,15,0
9489248,14,1,14,1,13,2,15,0,14,1,14,1,14,1,15,0
9489387,15,0,15,0,14,1,14,1,12,3,15,0,15,0,14,1
9489485,15,0,15,0,15,0,15,0,15,0,15,0,15,0,15,0
9489573,15,0,13,2,15,0,15,0,14,1,14,1,15,0,14,1
9490631,14,1,15,0,15,0,15,0,15,0,15,0,15,0,15,0
9491364,15,0,15,0,15,0,14,1,15,0,15,0,13,2,14,1
9491860,15,0,15,0,15,0,15,0,15,0,13,2,14,1,12,3
9493828,15,0,15,0,11,4,15,0,14,1,14,1,15,0,13,2
9493843,14,1,14,1,15,0,14,1,15,0,13,2,13,2,14,1
9494984,15,0,15,0,15,0,15,0,15,0,14,1,15,0,14,1
9495335,15,0,15,0,14,1,14,1,15,0,15,0,13,2,15,0
9495968,14,1,15,0,15,0,14,1,14,1,13,2,14,1,13,2
9496020,15,0,15,0,13,2,15,0,15,0,15,0,15,0,15,0
9496481,13,2,14,1,15,0,15,0,15,0,13,2,15,0,14,1
9496962,13,2,15,0,14,1,15,0,12,3,13,2,14,1,15,0
9497264,14,1,15,0,14,1,14,1,13,2,14,1,15,0,15,0
9497462,14,1,10,5,14,1,13,2,15,0,13,2,15,0,15,0
9498082,15,0,14,1,15,0,15,0,14,1,15,0,15,0,14,1
9498428,15,0,13,2,14,1,15,0,15,0,15,0,15,0,15,0
9498469,15,0,15,0,15,0,15,0,15,0,15,0,15,0,15,0
9498624,15,0,15,0,15,0,15,0,15,0,15,0,15,0,15,0
9498662,15,0,15,0,15,0,14,1,13,2,12,3,13,2,13,2
9498737,11,4,14,1,15,0,15,0,15,0,14,1,13,2,15,0
9498939,15,0,15,0,15,0,15,0,15,0,14,1,15,0,15,0
9499342,13,2,12,3,12,3,12,3,11,4,12,3,14,1,14,1
9500504,13,2,13,2,14,1,12,3,12,3,14,1,14,1,15,0
9500688,15,0,15,0,12,3,15,0,13,2,14,1,15,0,13,2
9501084,12,3,14,1,15,0,14,1,12,3,12,3,15,0,15,0
9501116,15,0,15,0,15,0,15,0,15,0,15,0,15,0,15,0
9501449,10,5,13,2,13,2,14,1,10,5,14,1,14,1,10,5
9501457,15,0,14,1,15,0,15,0,14,1,14,1,14,1,13,2
9501587,13,2,14,1,15,0,15,0,15,0,15,0,14,1,13,2
9501939,15,0,14,1,15,0,15,0,15,0,14,1,15,0,15,0
9501991,14,1,15,0,14,1,14,1,15,0,14,1,15,0,15,0
9503184,14,1,13,2,15,0,15,0,15,0,15,0,15,0,15,0
9503255,15,0,14,1,15,0,15,0,15,0,14,1,14,1,15,0
9503600,13,2,13,2,15,0,15,0,12,3,13,2,15,0,13,2
9503612,15,0,15,0,15,0,15,0,15,0,15,0,14,1,15,0
9503784,15,0,15,0,14,1,11,4,13,2,14,1,13,2,14,1
9504201,15,0,15,0,15,0,15,0,14,1,14,1,15,0,14,1
9504235,13,2,12,3,13,2,13,2,13,2,12,3,15,0,12,3
9505299,14,1,14,1,15,0,15,0,15,0,15,0,15,0,15,0
9505550,14,1,15,0,14,1,14,1,14,1,13,2,14,1,15,0
9506371,15,0,13,2,12,3,14,1,13,2,14,1,15,0,14,1
9506447,14,1,14,1,15,0,15,0,13,2,14,1,14,1,13,2
9508237,12,3,10,5,11,4,11,4,15,0,13,2,14,1,12,3
9508276,15,0,15,0,15,0,15,0,15,0,14,1,14,1,14,1
9508824,15,0,15,0,15,0,15,0,15,0,15,0,15,0,15,0
9442106,13,2,13,2,15,0,15,0,14,1,13,2,15,0,12,3
9442254,12,3,14,1,14,1,15,0,15,0,14,1,12,3,14,1
9442688,13,2,15,0,15,0,15,0,14,1,15,0,13,2,12,3
9442945,15,0,15,0,15,0,15,0,12,3,15,0,15,0,12,3
9443379,13,2,13,2,14,1,14,1,14,1,14,1,13,2,12,3
9443583,15,0,15,0,15,0,14,1,15,0,15,0,15,0,15,0
9444542,15,0,15,0,15,0,15,0,13,2,15,0,14,1,15,0
9444677,15,0,15,0,13,2,15,0,15,0,15,0,13,2,11,4
9444874,15,0,14,1,15,0,15,0,15,0,14,1,15,0,15,0
9445270,15,0,15,0,15,0,15,0,15,0,15,0,15,0,13,2
9445820,14,1,14,1,15,0,14,1,15,0,13,2,13,2,14,1
9445882,15,0,15,0,15,0,15,0,15,0,15,0,15,0,15,0
9446038,13,2,14,1,15,0,15,0,15,0,15,0,14,1,10,5
9446194,15,0,15,0,15,0,15,0,15,0,15,0,15,0,14,1
9446716,15,0,14,1,14,1,15,0,15,0,11,4,14,1,11,4
9447304,11,4,14,1,14,1,13,2,12,3,12,3,14,1,15,0
9447530,15,0,15,0,15,0,15,0,15,0,14,1,15,0,13,2
9447684,15,0,14,1,14,1,13,2,13,2,9,6,14,1,14,1
9447817,15,0,13,2,13,2,15,0,14,1,15,0,13,2,15,0
9448272,14,1,14,1,15,0,15,0,13,2,15,0,11,4,12,3
9448296,15,0,14,1,14,1,15,0,15,0,14,1,15,0,15,0
9448567,14,1,11,4,13,2,14,1,10,5,14,1,14,1,15,0
9448600,14,1,12,3,14,1,12,3,13,2,14,1,12,3,13,2
9448972,13,2,15,0,15,0,15,0,15,0,15,0,13,2,15,0
9449316,14,1,10,5,13,2,13,2,13,2,14,1,14,1,13,2
9449800,15,0,15,0,15,0,15,0,13,2,15,0,13,2,15,0
9450093,14,1,14,1,15,0,15,0,15,0,13,2,13,2,15,0
9450435,15,0,13,2,15,0,15,0,15,0,15,0,11,4,13,2
9450624,13,2,14,1,14,1,15,0,14,1,15,0,15,0,15,0
9450651,15,0,15,0,15,0,15,0,15,0,13,2,15,0,15,0
9451000,14,1,15,0,15,0,14,1,14,1,13,2,12,3,10,5
9451047,13,2,13,2,14,1,15,0,11,4,14,1,15,0,13,2
9451107,11,4,12,3,10,5,12,3,8,7,13,2,13,2,15,0
9451313,13,2,15,0,15,0,15,0,14,1,14,1,15,0,15,0
9451537,14,1,15,0,15,0,15,0,14,1,15,0,8,7,8,7
9451737,13,2,15,0,15,0,15,0,15,0,15,0,13,2,15,0
9452021,13,2,15,0,15,0,15,0,13,2,14,1,14,1,15,0
9452220,13,2,12,3,13,2,14,1,14,1,15,0,10,5,12,3
9452290,14,1,14,1,13,2,13,2,12,3,14,1,15,0,15,0
9452291,12,3,15,0,15,0,15,0,14,1,13,2,15,0,14,1
9452901,15,0,15,0,15,0,15,0,15,0,15,0,15,0,15,0
9453136,13,2,15,0,15,0,14,1,14,1,14,1,14,1,13,2
9453152,15,0,15,0,15,0,15,0,14,1,15,0,15,0,14,1
9453293,15,0,13,2,14,1,15,0,14,1,15,0,11,4,11,4
9453346,13,2,15,0,15,0,15,0,15,0,15,0,12,3,15,0
9454116,15,0,15,0,15,0,15,0,15,0,14,1,15,0,15,0
9454376,15,0,13,2,15,0,15,0,13,2,15,0,15,0,15,0
9455103,14,1,15,0,15,0,13,2,15,0,12,3,15,0,13,2
9455275,13,2,14,1,13,2,15,0,14,1,14,1,15,0,15,0
9456204,15,0,13,2,15,0,15,0,10,5,13,2,14,1,12,3
9456327,15,0,15,0,15,0,12,3,13,2,14,1,15,0,15,0
9456473,13,2,14,1,13,2,13,2,14,1,15,0,14,1,14,1
9456509,15,0,14,1,15,0,15,0,13,2,15,0,14,1,15,0
9457181,13,2,15,0,15,0,15,0,14,1,14,1,15,0,11,4
9457349,15,0,14,1,15,0,15,0,13,2,15,0,13,2,14,1
9457487,13,2,15,0,15,0,15,0,15,0,15,0,12,3,14,1
9457530,14,1,15,0,15,0,15,0,15,0,14,1,15,0,15,0
9457675,15,0,15,0,15,0,15,0,14,1,14,1,15,0,14,1
9458225,13,2,9,6,9,6,13,2,9,6,14,1,15,0,13,2
9458555,12,3,14,1,15,0,15,0,15,0,13,2,15,0,15,0
9459452,15,0,13,2,14,1,15,0,15,0,14,1,15,0,14,1
9460377,15,0,15,0,15,0,14,1,14,1,14,1,15,0,15,0
9460679,14,1,13,2,15,0,14,1,15,0,14,1,15,0,12,3
9461005,13,2,14,1,14,1,14,1,14,1,12,3,13,2,13,2
9461349,15,0,13,2,14,1,14,1,13,2,15,0,14,1,15,0
9461485,11,4,8,7,13,2,12,3,12,3,14,1,13,2,11,4
9461575,15,0,14,1,15,0,15,0,14,1,15,0,15,0,15,0
9461701,13,2,15,0,14,1,14,1,14,1,14,1,11,4,15,0
9463376,14,1,13,2,15,0,14,1,15,0,15,0,15,0,14,1
9463454,12,3,10,5,13,2,15,0,14,1,14,1,14,1,14,1
9463639,15,0,15,0,15,0,14,1,15,0,14,1,14,1,14,1
9463671,14,1,14,1,15,0,13,2,15,0,14,1,15,0,14,1
9464487,14,1,13,2,15,0,15,0,13,2,14,1,13,2,14,1
9465129,15,0,14,1,15,0,15,0,14,1,15,0,14,1,14,1
9465270,15,0,13,2,15,0,14,1,11,4,13,2,15,0,14,1
9465781,13,2,15,0,15,0,15,0,15,0,15,0,15,0,15,0
9465880,15,0,15,0,15,0,14,1,15,0,15,0,15,0,12,3
9465986,14,1,15,0,15,0,15,0,13,2,15,0,15,0,14,1
9466334,15,0,14,1,15,0,15,0,15,0,15,0,15,0,15,0
9466448,14,1,14,1,14,1,14,1,14,1,13,2,13,2,13,2
9466581,14,1,15,0,14,1,15,0,14,1,15,0,15,0,14,1
9466639,13,2,11,4,15,0,15,0,14,1,13,2,15,0,14,1
9466889,12,3,14,1,13,2,12,3,14,1,13,2,11,4,11,4
9467306,15,0,14,1,15,0,15,0,15,0,15,0,15,0,15,0
9467717,14,1,15,0,15,0,14,1,14,1,15,0,15,0,15,0
9468592,15,0,15,0,15,0,15,0,15,0,15,0,15,0,11,4
9468752,15,0,15,0,15,0,14,1,15,0,15,0,14,1,14,1
9469213,15,0,15,0,15,0,15,0,15,0,15,0,15,0,15,0
9470053,15,0,15,0,15,0,15,0,15,0,15,0,14,1,15,0
9470119,13,2,14,1,14,1,13,2,15,0,14,1,15,0,14,1
9470801,15,0,14,1,14,1,15,0,15,0,14,1,15,0,15,0
9470938,15,0,15,0,15,0,14,1,15,0,14,1,14,1,15,0
9471200,15,0,14,1,15,0,15,0,15,0,15,0,15,0,13,2
9471697,15,0,14,1,15,0,14,1,13,2,15,0,15,0,14,1
9471919,15,0,13,2,13,2,15,0,15,0,15,0,15,0,11,4
9472100,15,0,14,1,15,0,15,0,15,0,14,1,15,0,15,0
9472196,14,1,15,0,15,0,14,1,15,0,11,4,15,0,14,1
9472872,14,1,14,1,15,0,13,2,14,1,13,2,11,4,7,8
9473351,12,3,15,0,13,2,13,2,14,1,13,2,13,2,13,2
9473678,13,2,13,2,15,0,14,1,14,1,15,0,12,3,14,1
9473872,15,0,15,0,15,0,14,1,13,2,11,4,13,2,13,2
9474056,15,0,14,1,15,0,15,0,15,0,14,1,15,0,15,0
9474328,14,1,15,0,14,1,13,2,15,0,15,0,14,1,15,0
9474364,15,0,15,0,14,1,14,1,15,0,15,0,15,0,14,1
9474656,14,1,12,3,13,2,14,1,15,0,14,1,13,2,13,2
9474777,15,0,13,2,15,0,15,0,15,0,15,0,14,1,15,0
9475775,13,2,15,0,15,0,13,2,15,0,14,1,15,0,15,0
9477389,13,2,15,0,14,1,14,1,15,0,15,0,15,0,14,1
9477875,15,0,15,0,14,1,14,1,13,2,12,3,12,3,15,0
9477994,10,5,13,2,13,2,8,7,15,0,15,0,13,2,15,0
9478647,15,0,15,0,15,0,14,1,15,0,15,0,14,1,15,0
9479131,15,0,15,0,15,0,14,1,14,1,15,0,15,0,15,0
9479595,13,2,14,1,15,0,14,1,14,1,15,0,13,2,14,1
9479812,14,1,15,0,15,0,14,1,14,1,14,1,15,0,15,0
9479968,15,0,14,1,13,2,14,1,12,3,11,4,14,1,14,1
9480266,13,2,15,0,15,0,15,0,15,0,15,0,14,1,15,0
9480549,14,1,15,0,15,0,14,1,14,1,15,0,13,2,13,2
9482581,15,0,15,0,15,0,15,0,15,0,15,0,14,1,15,0
9482725,14,1,15,0,14,1,14,1,14,1,14,1,15,0,15,0
9482809,15,0,15,0,15,0,15,0,15,0,15,0,15,0,15,0
9483179,13,2,15,0,15,0,15,0,15,0,12,3,13,2,13,2
9483389,15,0,13,2,15,0,12,3,15,0,13,2,14,1,13,2
9483441,12,3,12,3,9,6,10,5,14,1,15,0,15,0,14,1
9483713,15,0,14,1,14,1,14,1,14,1,15,0,15,0,15,0
9484342,14,1,14,1,15,0,15,0,15,0,14,1,15,0,14,1
9484764,15,0,15,0,15,0,15,0,14,1,15,0,14,1,15,0
9485242,15,0,14,1,15,0,15,0,15,0,15,0,14,1,15,0
9485280,12,3,11,4,15,0,13,2,14,1,13,2,14,1,14,1
9485332,13,2,15,0,15,0,15,0,15,0,15,0,14,1,15,0
9485343,14,1,15,0,15,0,14,1,15,0,15,0,15,0,13,2
9485595,15,0,15,0,15,0,15,0,13,2,15,0,15,0,15,0
9486296,12,3,13,2,14,1,15,0,15,0,14,1,14,1,15,0
9486569,15,0,13,2,14,1,15,0,14,1,14,1,15,0,15,0
9487004,15,0,15,0,15,0,14,1,14,1,14,1,15,0,15,0
9487409,14,1,15,0,15,0,14,1,13,2,15,0,15,0,14,1
9487812,15,0,14,1,15,0,15,0,14,1,15,0,14,1,14,1
9488639,15,0,14,1,15,0,15,0,15,0,14,1,14,1,15,0
9489194,15,0,15,0,15,0,15,0,15,0,15,0,15,0,14,1
9490289,15,0,14,1,15,0,15,0,12,3,14,1,15,0,14,1
9490646,15,0,15,0,13,2,15,0,15,0,14,1,13,2,14,1
9492595,13,2,14,1,15,0,14,1,13,2,15,0,14,1,14,1
9492635,15,0,15,0,15,0,15,0,15,0,15,0,15,0,15,0
9493050,14,1,15,0,15,0,14,1,14,1,15,0,15,0,13,2
9493628,15,0,14,1,15,0,15,0,14,1,15,0,14,1,13,2
9493723,13,2,14,1,15,0,14,1,14,1,14,1,14,1,13,2
9493735,15,0,15,0,15,0,12,3,13,2,12,3,12,3,14,1
9493786,15,0,14,1,15,0,15,0,15,0,15,0,15,0,14,1
9494586,15,0,15,0,15,0,15,0,12,3,14,1,14,1,13,2
9494767,15,0,15,0,15,0,15,0,15,0,15,0,15,0,15,0
9494775,10,5,11,4,12,3,15,0,12,3,11,4,13,2,14,1
9495157,15,0,14,1,15,0,14,1,15,0,14,1,14,1,14,1
9495548,15,0,15,0,14,1,11,4,15,0,15,0,15,0,15,0
9495553,10,5,13,2,14,1,15,0,13,2,14,1,14,1,15,0
9495603,14,1,15,0,14,1,14,1,15,0,15,0,15,0,15,0
9496841,15,0,15,0,15,0,15,0,15,0,15,0,15,0,15,0
9496898,12,3,15,0,12,3,12,3,12,3,14,1,15,0,15,0
9496911,13,2,15,0,15,0,13,2,14,1,14,1,14,1,15,0
9497431,14,1,15,0,15,0,15,0,15,0,15,0,15,0,15,0
9498021,13,2,13,2,15,0,14,1,14,1,14,1,12,3,11,4
9498948,15,0,15,0,15,0,15,0,15,0,15,0,15,0,15,0
9499395,15,0,13,2,15,0,14,1,12,3,14,1,14,1,11,4
9499462,14,1,14,1,15,0,15,0,13,2,14,1,14,1,11,4
9499495,14,1,14,1,15,0,11,4,14,1,13,2,11,4,15,0
9499525,13,2,13,2,14,1,14,1,12,3,13,2,14,1,12,3
9499542,15,0,15,0,15,0,15,0,15,0,15,0,15,0,15,0
9499553,13,2,13,2,14,1,14,1,11,4,13,2,14,1,13,2
9499567,12,3,13,2,13,2,15,0,11,4,15,0,14,1,15,0
9499588,14,1,14,1,15,0,15,0,15,0,15,0,15,0,15,0
9499603,15,0,15,0,15,0,15,0,15,0,15,0,15,0,14,1
9499742,15,0,15,0,12,3,15,0,12,3,12,3,15,0,12,3
9499840,15,0,14,1,14,1,14,1,13,2,14,1,14,1,13,2
9499964,14,1,15,0,13,2,13,2,14,1,14,1,11,4,13,2
9500170,15,0,15,0,15,0,15,0,15,0,15,0,14,1,14,1
9500227,10,5,15,0,12,3,12,3,13,2,12,3,14,1,14,1
9500375,15,0,15,0,15,0,15,0,15,0,15,0,14,1,15,0
9500432,14,1,15,0,14,1,15,0,14,1,14,1,14,1,15,0
9500484,14,1,15,0,15,0,13,2,15,0,15,0,15,0,15,0
9500753,12,3,15,0,15,0,15,0,15,0,15,0,14,1,15,0
9500907,15,0,15,0,15,0,15,0,15,0,15,0,15,0,15,0
9500929,13,2,14,1,14,1,14,1,13,2,14,1,13,2,15,0
9500952,13,2,14,1,15,0,15,0,14,1,15,0,15,0,15,0
9500967,15,0,15,0,15,0,15,0,15,0,15,0,15,0,15,0
9501486,14,1,9,6,15,0,10,5,12,3,13,2,9,6,11,4
9502565,15,0,14,1,15,0,15,0,15,0,15,0,15,0,15,0
9502749,11,4,15,0,14,1,13,2,13,2,10,5,15,0,14,1
9503498,14,1,15,0,15,0,12,3,15,0,15,0,15,0,13,2
9504039,15,0,15,0,15,0,15,0,15,0,15,0,15,0,15,0
9504114,15,0,15,0,15,0,15,0,15,0,15,0,15,0,15,0
9504705,15,0,10,5,14,1,13,2,12,3,15,0,14,1,14,1
9506000,15,0,15,0,15,0,15,0,13,2,15,0,13,2,11,4
9506099,15,0,15,0,14,1,15,0,13,2,15,0,15,0,15,0
9506465,12,3,11,4,11,4,13,2,15,0,15,0,12,3,14,1
9507196,15,0,13,2,13,2,14,1,15,0,14,1,15,0,15,0
9507504,15,0,14,1,14,1,14,1,14,1,14,1,13,2,15,0
9507988,14,1,13,2,14,1,15,0,14,1,14,1,15,0,15,0
9442121,14,1,13,2,15,0,14,1,11,4,11,4,13,2,11,4
9442157,15,0,15,0,15,0,15,0,15,0,15,0,14,1,15,0
9442546,13,2,13,2,15,0,15,0,15,0,14,1,14,1,15,0
9442565,15,0,15,0,15,0,15,0,15,0,15,0,15,0,15,0
9442787,13,2,13,2,12,3,14,1,14,1,15,0,13,2,14,1
9442963,15,0,15,0,14,1,15,0,15,0,15,0,15,0,15,0
9443063,15,0,15,0,15,0,15,0,15,0,15,0,15,0,15,0
9443089,15,0,13,2,15,0,15,0,9,6,11,4,15,0,9,6
9443185,14,1,13,2,15,0,15,0,13,2,14,1,15,0,14,1
9443252,15,0,15,0,15,0,15,0,15,0,15,0,15,0,14,1
9443932,15,0,15,0,15,0,14,1,15,0,15,0,15,0,15,0
9444465,15,0,14,1,14,1,15,0,13,2,15,0,15,0,15,0
9445074,15,0,14,1,15,0,15,0,14,1,15,0,14,1,14,1
9445101,14,1,15,0,15,0,15,0,15,0,15,0,15,0,15,0
9445104,15,0,13,2,15,0,15,0,13,2,9,6,15,0,12,3
9445215,15,0,14,1,15,0,14,1,14,1,13,2,15,0,13,2
9445784,15,0,15,0,15,0,14,1,13,2,14,1,13,2,14,1
9447071,13,2,15,0,13,2,12,3,14,1,14,1,15,0,13,2
9447554,13,2,15,0,15,0,15,0,15,0,14,1,15,0,14,1
9448450,15,0,15,0,13,2,15,0,15,0,15,0,15,0,14,1
9448604,15,0,15,0,15,0,14,1,15,0,15,0,15,0,14,1
9448726,15,0,14,1,14,1,14,1,14,1,14,1,15,0,14,1
9448776,12,3,13,2,14,1,14,1,11,4,13,2,10,5,15,0
9448829,15,0,15,0,14,1,15,0,15,0,15,0,15,0,15,0
9449418,15,0,14,1,13,2,15,0,13,2,14,1,12,3,14,1
9449620,15,0,13,2,15,0,15,0,12,3,14,1,14,1,15,0
9449941,14,1,15,0,14,1,15,0,14,1,14,1,14,1,14,1
9449977,15,0,14,1,11,4,10,5,13,2,14,1,15,0,15,0
9450203,15,0,14,1,15,0,12,3,15,0,13,2,11,4,10,5
9450270,14,1,15,0,15,0,14,1,14,1,14,1,15,0,15,0
9450613,13,2,14,1,14,1,15,0,12,3,14,1,14,1,14,1
9450694,11,4,15,0,11,4,13,2,14,1,14,1,12,3,13,2
9450831,15,0,15,0,15,0,15,0,15,0,13,2,15,0,15,0
9450937,15,0,15,0,15,0,15,0,15,0,15,0,15,0,14,1
9451049,14,1,15,0,15,0,13,2,14,1,15,0,15,0,14,1
9451137,15,0,15,0,15,0,15,0,15,0,13,2,14,1,15,0
9451158,15,0,15,0,15,0,15,0,14,1,13,2,14,1,15,0
9451283,15,0,15,0,15,0,15,0,15,0,15,0,15,0,15,0
9451513,15,0,15,0,12,3,14,1,14,1,15,0,15,0,15,0
9452019,13,2,13,2,15,0,15,0,14,1,14,1,14,1,15,0
9452045,15,0,15,0,14,1,14,1,15,0,14,1,14,1,14,1
9452448,15,0,14,1,13,2,15,0,14,1,13,2,15,0,14,1
9453277,15,0,15,0,15,0,15,0,13,2,15,0,14,1,15,0
9453638,14,1,14,1,15,0,15,0,15,0,15,0,15,0,15,0
9453642,10,5,9,6,13,2,11,4,12,3,11,4,13,2,10,5
9453855,15,0,15,0,15,0,15,0,14,1,15,0,14,1,14,1
9454608,14,1,14,1,14,1,15,0,15,0,15,0,15,0,15,0
9454928,14,1,15,0,15,0,14,1,14,1,13,2,15,0,14,1
9454936,14,1,15,0,15,0,15,0,15,0,15,0,14,1,15,0
9455116,12,3,14,1,14,1,15,0,13,2,15,0,13,2,15,0
9455338,15,0,15,0,15,0,15,0,15,0,15,0,14,1,12,3
9455819,15,0,15,0,12,3,14,1,14,1,14,1,15,0,14,1
9456292,14,1,15,0,15,0,15,0,14,1,14,1,15,0,15,0
9456318,13,2,13,2,15,0,14,1,11,4,9,6,12,3,14,1
9456669,15,0,15,0,15,0,15,0,15,0,15,0,14,1,15,0
9456973,15,0,15,0,14,1,15,0,14,1,14,1,13,2,14,1
9457309,12,3,15,0,15,0,15,0,13,2,14,1,14,1,14,1
9457575,14,1,15,0,15,0,14,1,14,1,15,0,12,3,14,1
9457598,13,2,13,2,14,1,15,0,14,1,14,1,15,0,14,1
9457664,14,1,15,0,15,0,15,0,14,1,15,0,15,0,15,0
9457678,15,0,15,0,15,0,13,2,15,0,15,0,13,2,14,1
9457689,15,0,15,0,15,0,14,1,15,0,15,0,15,0,14,1
9457948,13,2,13,2,15,0,15,0,13,2,11,4,15,0,15,0
9458559,15,0,15,0,15,0,15,0,15,0,15,0,15,0,15,0
9458991,15,0,15,0,15,0,15,0,15,0,14,1,15,0,14,1
9459382,15,0,15,0,15,0,15,0,15,0,15,0,15,0,15,0
9459853,12,3,15,0,13,2,14,1,14,1,12,3,14,1,13,2
9460256,15,0,15,0,15,0,15,0,15,0,15,0,14,1,15,0
9460605,15,0,15,0,15,0,15,0,15,0,15,0,15,0,15,0
9461080,14,1,12,3,15,0,15,0,13,2,15,0,15,0,12,3
9461145,14,1,15,0,15,0,15,0,14,1,15,0,15,0,14,1
9461390,15,0,14,1,15,0,15,0,12,3,14,1,15,0,15,0
9461408,15,0,15,0,15,0,14,1,15,0,11,4,14,1,11,4
9461783,15,0,13,2,14,1,15,0,15,0,14,1,15,0,15,0
9461802,15,0,15,0,15,0,14,1,15,0,15,0,15,0,14,1
9462657,15,0,15,0,15,0,15,0,15,0,14,1,15,0,14,1
9464286,15,0,15,0,14,1,15,0,15,0,15,0,15,0,15,0
9464511,15,0,13,2,15,0,12,3,14,1,15,0,13,2,12,3
9464812,15,0,15,0,15,0,15,0,14,1,14,1,15,0,15,0
9464839,13,2,14,1,14,1,13,2,14,1,14,1,14,1,13,2
9464918,15,0,15,0,15,0,15,0,15,0,15,0,15,0,15,0
9465302,14,1,15,0,15,0,13,2,15,0,14,1,12,3,13,2
9465544,15,0,14,1,15,0,15,0,15,0,15,0,15,0,15,0
9465647,14,1,15,0,15,0,12,3,13,2,5,10,11,4,13,2
9466168,13,2,14,1,15,0,15,0,14,1,13,2,15,0,15,0
9466397,15,0,15,0,15,0,14,1,15,0,14,1,14,1,13,2
9466584,15,0,15,0,15,0,15,0,14,1,15,0,15,0,15,0
9466676,15,0,15,0,15,0,12,3,15,0,15,0,15,0,15,0
9466817,13,2,14,1,13,2,14,1,14,1,15,0,15,0,14,1
9469232,15,0,15,0,15,0,14,1,14,1,15,0,15,0,14,1
9469819,13,2,14,1,14,1,12,3,14,1,15,0,14,1,14,1
9469885,15,0,15,0,15,0,15,0,15,0,15,0,15,0,15,0
9470000,14,1,15,0,15,0,15,0,15,0,15,0,12,3,11,4
9470485,14,1,15,0,15,0,15,0,15,0,15,0,15,0,15,0
9471070,14,1,15,0,15,0,15,0,15,0,15,0,15,0,14,1
9471273,14,1,15,0,12,3,15,0,13,2,14,1,14,1,15,0
9471371,14,1,15,0,14,1,15,0,12,3,7,8,15,0,13,2
9471771,15,0,14,1,15,0,14,1,15,0,14,1,15,0,14,1
9472161,12,3,14,1,15,0,15,0,11,4,14,1,14,1,15,0
9472441,14,1,15,0,15,0,15,0,14,1,14,1,15,0,14,1
9473266,15,0,13,2,13,2,15,0,15,0,15,0,15,0,12,3
9473782,14,1,15,0,15,0,15,0,15,0,14,1,15,0,14,1
9474722,15,0,15,0,15,0,14,1,15,0,15,0,15,0,14,1
9474946,12,3,14,1,13,2,15,0,15,0,15,0,15,0,15,0
9474949,14,1,15,0,15,0,15,0,15,0,15,0,14,1,15,0
9475257,15,0,15,0,15,0,15,0,14,1,15,0,13,2,15,0
9475586,14,1,15,0,14,1,15,0,15,0,12,3,14,1,14,1
9476081,15,0,15,0,15,0,15,0,14,1,15,0,15,0,14,1
9476202,15,0,15,0,15,0,15,0,15,0,15,0,15,0,14,1
9476395,15,0,12,3,15,0,13,2,15,0,12,3,15,0,13,2
9476594,15,0,14,1,14,1,15,0,14,1,13,2,15,0,15,0
9476612,15,0,14,1,15,0,15,0,10,5,13,2,15,0,14,1
9477173,15,0,14,1,14,1,13,2,15,0,15,0,15,0,13,2
9478162,14,1,15,0,15,0,15,0,14,1,15,0,15,0,13,2
9479063,14,1,13,2,15,0,15,0,15,0,15,0,13,2,15,0
9479260,15,0,14,1,15,0,14,1,15,0,15,0,15,0,14,1
9479893,11,4,10,5,12,3,11,4,12,3,14,1,15,0,13,2
9480176,14,1,14,1,15,0,15,0,15,0,15,0,15,0,15,0
9480230,15,0,14,1,15,0,15,0,15,0,15,0,15,0,15,0
9480237,15,0,15,0,15,0,15,0,13,2,15,0,15,0,15,0
9481245,15,0,15,0,15,0,15,0,15,0,15,0,15,0,15,0
9481348,15,0,15,0,15,0,15,0,15,0,15,0,13,2,15,0
9481896,15,0,14,1,15,0,14,1,14,1,12,3,15,0,14,1
9481934,14,1,15,0,15,0,15,0,15,0,15,0,15,0,15,0
9482771,14,1,15,0,13,2,14,1,15,0,15,0,15,0,15,0
9482794,12,3,12,3,14,1,15,0,12,3,12,3,14,1,14,1
9482918,15,0,13,2,15,0,15,0,13,2,13,2,15,0,15,0
9483543,15,0,15,0,15,0,15,0,15,0,15,0,14,1,15,0
9483950,15,0,15,0,15,0,15,0,15,0,15,0,15,0,15,0
9484045,14,1,14,1,15,0,15,0,15,0,14,1,15,0,15,0
9484085,12,3,12,3,12,3,15,0,15,0,10,5,14,1,13,2
9484152,13,2,15,0,15,0,15,0,15,0,15,0,14,1,15,0
9484680,14,1,15,0,14,1,14,1,15,0,15,0,15,0,15,0
9484777,15,0,14,1,15,0,15,0,14,1,15,0,13,2,14,1
9484778,15,0,14,1,15,0,14,1,12,3,15,0,15,0,15,0
9484841,14,1,15,0,13,2,14,1,15,0,14,1,15,0,15,0
9484881,15,0,15,0,13,2,15,0,14,1,15,0,15,0,15,0
9485020,15,0,15,0,15,0,15,0,15,0,15,0,15,0,15,0
9485090,15,0,15,0,15,0,15,0,14,1,14,1,15,0,14,1
9485155,15,0,15,0,14,1,15,0,15,0,15,0,14,1,15,0
9486293,15,0,12,3,15,0,15,0,13,2,15,0,14,1,14,1
9486441,14,1,13,2,15,0,15,0,15,0,15,0,14,1,14,1
9486645,14,1,11,4,14,1,12,3,12,3,14,1,14,1,15,0
9487920,15,0,14,1,15,0,15,0,15,0,15,0,15,0,15,0
9488325,13,2,14,1,15,0,15,0,14,1,15,0,15,0,15,0
9488645,14,1,13,2,15,0,14,1,14,1,13,2,14,1,13,2
9489126,15,0,15,0,14,1,15,0,13,2,15,0,15,0,14,1
9489647,15,0,15,0,14,1,15,0,13,2,15,0,15,0,15,0
9489883,12,3,13,2,15,0,15,0,11,4,9,6,8,7,14,1
9490101,15,0,14,1,15,0,15,0,15,0,15,0,11,4,14,1
9490369,12,3,12,3,13,2,15,0,15,0,15,0,12,3,12,3
9490423,15,0,13,2,15,0,15,0,13,2,15,0,15,0,14,1
9492099,15,0,15,0,15,0,15,0,15,0,15,0,15,0,14,1
9492336,15,0,15,0,15,0,15,0,13,2,15,0,15,0,15,0
9493223,13,2,15,0,12,3,15,0,15,0,13,2,12,3,13,2
9493706,13,2,14,1,15,0,15,0,14,1,15,0,15,0,15,0
9494105,12,3,13,2,12,3,14,1,12,3,10,5,15,0,13,2
9494800,14,1,15,0,15,0,15,0,14,1,15,0,11,4,13,2
9495775,14,1,15,0,13,2,15,0,13,2,13,2,15,0,15,0
9495926,15,0,14,1,15,0,15,0,13,2,14,1,13,2,13,2
9495982,15,0,12,3,15,0,15,0,15,0,15,0,14,1,14,1
9496664,14,1,15,0,15,0,15,0,14,1,13,2,14,1,13,2
9497459,15,0,15,0,14,1,13,2,14,1,11,4,14,1,14,1
9497604,15,0,14,1,14,1,15,0,14,1,15,0,15,0,14,1
9498110,14,1,15,0,14,1,14,1,15,0,14,1,15,0,15,0
9498572,15,0,15,0,14,1,14,1,15,0,8,7,15,0,12,3
9498982,15,0,15,0,15,0,15,0,14,1,14,1,15,0,13,2
9499095,15,0,15,0,15,0,13,2,15,0,15,0,15,0,14,1
9499173,8,7,11,4,13,2,13,2,12,3,10,5,13,2,13,2
9499479,15,0,13,2,15,0,14,1,15,0,15,0,15,0,15,0
9500268,15,0,15,0,15,0,15,0,15,0,15,0,15,0,15,0
9500473,15,0,15,0,15,0,15,0,14,1,14,1,14,1,15,0
9501236,13,2,15,0,15,0,15,0,15,0,12,3,15,0,15,0
9501522,14,1,13,2,14,1,15,0,14,1,15,0,12,3,12,3
9501651,15,0,15,0,14,1,14,1,14,1,12,3,13,2,14,1
9501921,15,0,14,1,15,0,15,0,12,3,14,1,15,0,15,0
9501937,15,0,14,1,14,1,15,0,15,0,15,0,15,0,14,1
9502099,14,1,15,0,15,0,15,0,14,1,14,1,15,0,15,0
9502318,15,0,15,0,15,0,15,0,15,0,15,0,15,0,14,1
9504095,15,0,15,0,15,0,15,0,14,1,15,0,14,1,14,1
9504474,14,1,15,0,15,0,15,0,15,0,15,0,15,0,15,0
9504729,15,0,15,0,15,0,15,0,15,0,14,1,15,0,15,0
9505097,14,1,14,1,14,1,15,0,15,0,15,0,14,1,13,2
9505263,15,0,15,0,15,0,15,0,14,1,14,1,15,0,15,0
9505393,15,0,15,0,15,0,15,0,12,3,13,2,13,2,14,1
9505904,13,2,15,0,15,0,14,1,15,0,14,1,15,0,15,0
9506091,14,1,14,1,15,0,15,0,15,0,14,1,15,0,15,0
9506326,15,0,15,0,15,0,15,0,15,0,14,1,15,0,14,1
9508414,15,0,14,1,15,0,15,0,15,0,15,0,15,0,14,1
9508509,15,0,15,0,15,0,15,0,15,0,15,0,15,0,14,1
